day,mean_skew_ch1,mean_skew_ch2,mean_skew_ch3,mean_skew_ch4,beta_ch1,beta_ch2,beta_ch3,beta_ch4,rms_ch1,rms_ch2,rms_ch3,rms_ch4
1,0.0264,-0.4300,-0.4764,0.0440,-0.3740,-0.9659,-1.2067,-0.1043,90.4428,80.5853,19.8127,0.6296
2,-0.4695,-0.4744,-0.4267,0.6474,-0.8908,-1.0511,-1.2409,-0.9616,87.0143,78.9489,18.1620,0.6364
3,-0.4756,-0.4221,-0.3909,0.4767,-0.8751,-0.9329,-0.9641,-0.7742,85.1621,81.0710,17.5926,0.6423
4,-0.3000,-0.4144,-0.6076,0.1488,-0.7979,-0.9179,-1.5278,-0.3394,84.8965,76.5111,17.9852,0.6720
6,-0.1947,-0.5340,-0.3945,0.8327,-0.8483,-1.0902,-1.1119,-1.3633,81.5860,82.8063,19.3125,0.7976
8,-0.2352,-0.4531,-0.3855,1.0991,-0.6990,-0.9609,-0.9654,-1.3809,84.4104,80.8735,17.3262,0.8479
9,-0.2160,-0.4730,-0.3934,0.8265,-0.6963,-0.9971,-1.1212,-1.0884,84.4897,85.2574,19.9195,0.9154
10,-0.4695,-0.4904,-0.2882,0.6545,-1.1229,-1.0317,-0.7345,-0.9092,78.5384,85.8211,18.5773,0.7682
11,-0.5369,-0.4825,-0.3834,0.8003,-1.1058,-1.0086,-1.0182,-1.4081,83.5662,88.8711,19.0781,0.7639
12,-0.3982,-0.4994,-0.4437,0.4541,-1.0109,-1.0744,-1.0873,-0.5469,85.7291,94.4940,23.9276,0.8044
13,-0.4432,-0.5095,-0.5005,0.7490,-0.7798,-1.1050,-1.2477,-0.8036,80.5145,88.2009,21.2457,0.7006
14,-0.3505,-0.4560,-0.3332,1.0052,-0.8614,-1.0052,-1.0000,-1.2946,79.6038,84.9714,22.4951,0.8975
15,-0.2967,-0.5213,-0.4327,0.3139,-0.5531,-1.1198,-1.1148,-0.4987,86.8759,87.6453,22.9760,0.8892
16,-0.3924,-0.4575,-0.4608,0.5216,-0.9206,-0.9831,-1.2993,-0.7269,88.1410,79.4913,20.8940,0.8021
17,-0.6161,-0.4823,-0.4513,0.5485,-1.3119,-1.0526,-1.2464,-0.8013,89.4738,84.1034,19.9892,0.9321
18,-0.4799,-0.4213,-0.3003,0.5637,-1.1688,-0.9102,-0.8550,-0.8605,81.9002,84.9364,21.3750,0.8689
19,-0.4463,-0.4055,-0.3019,0.8022,-0.9639,-0.8892,-0.9044,-1.2022,88.6282,89.5122,23.8411,0.9517
20,-0.4942,-0.4540,-0.4403,0.5412,-0.8783,-0.9416,-1.1905,-0.8002,86.0882,89.5712,22.6951,1.0294
21,-0.7396,-0.4608,-0.4016,0.6228,-1.5289,-0.9519,-1.1956,-0.8155,90.4217,91.0313,24.4560,0.9953
22,-0.2729,-0.5341,-0.4579,0.6548,-0.5350,-1.1070,-1.2533,-0.8440,92.4524,91.2767,22.3590,0.9635
23,-0.5018,-0.4806,-0.3381,0.4991,-0.9949,-0.9755,-1.0084,-0.5614,83.8436,94.1890,24.4296,0.9874
24,-0.2074,-0.5399,-0.3962,0.5394,-0.8948,-1.1439,-1.1511,-0.6874,97.3880,100.6455,26.3670,1.0036
25,-0.2814,-0.4877,-0.4641,0.3666,-0.8993,-1.0508,-1.3350,-0.5837,90.4091,94.7255,24.4434,0.9856
26,0.2824,0.4043,0.2790,-0.5671,0.8088,0.9344,0.8983,0.5898,77.9904,77.9522,19.0770,0.6964
27,0.3880,0.4208,0.1958,-1.0550,1.0046,0.9352,0.8267,1.8556,92.9203,87.7620,21.2759,1.0759
28,0.6309,0.4262,0.3031,-0.6233,1.7160,0.9751,1.0411,1.2716,96.1134,86.0858,22.0305,1.0029
29,0.0518,0.4467,0.3029,-0.8010,0.2918,0.9868,1.0534,1.2127,88.0710,87.8309,25.4009,0.9540
30,0.3216,0.4174,0.3201,-0.4622,1.1133,0.9197,1.1134,0.8101,93.0668,83.9283,24.0363,0.8924
31,0.4370,0.4712,0.2328,-0.4999,1.1743,1.0671,0.9782,0.9853,94.4195,88.0242,25.9853,0.8306
32,0.2748,0.4249,0.2198,-0.6680,0.9581,0.9266,0.8719,1.0735,83.2336,82.7458,23.7589,0.9058
33,0.3705,0.4555,0.4327,-0.4959,0.7150,0.9815,1.2311,0.7374,94.8052,83.9999,23.0813,0.9467
34,0.4987,0.4819,0.3784,-0.6270,1.2196,1.0313,1.0839,0.7340,97.9808,88.5844,22.9244,0.8887
35,0.5593,0.4934,0.2722,-0.6487,1.4676,1.0835,1.0321,1.2403,88.5991,92.1570,25.8588,0.8668
36,0.5362,0.4819,0.3630,-0.4190,1.1994,1.0306,1.0687,0.8586,87.7217,84.3716,22.3285,0.8761
37,0.5532,0.4856,0.2626,-0.6973,1.2139,1.0261,0.9795,1.0143,87.4128,89.6615,25.4177,0.8949
38,0.4094,0.4684,0.2866,-0.3093,0.8788,0.9664,0.9561,0.7929,94.7132,94.7936,25.1545,0.9703
39,0.2101,0.4710,0.2786,-0.5497,0.8106,1.0018,0.9493,0.7674,96.2533,89.9189,24.0450,0.8453
40,0.5558,0.4755,0.2539,-0.6595,0.9288,0.9940,0.9763,0.8315,85.8941,87.4788,23.0655,0.8836
41,0.4346,0.3985,0.2614,-0.5765,1.2131,0.9148,0.9686,0.6431,94.8404,86.6753,22.1726,0.9921
42,0.2443,0.4606,0.2283,-0.5666,0.6598,0.9989,0.9377,0.6624,93.0558,95.8698,24.3015,0.8525
43,0.6968,0.4868,0.2667,-0.3239,1.4253,1.0895,0.9921,0.5996,86.5348,86.3503,25.0412,0.8482
44,0.4826,0.4567,0.2416,-0.8496,0.9154,0.9963,0.9692,1.3017,87.4646,86.8858,24.6621,0.9234
45,0.5162,0.4798,0.3555,-0.7614,0.9074,1.0663,1.3685,1.3131,96.0340,92.7624,26.0426,1.0001
46,0.5474,0.4517,0.2095,-0.8024,1.0682,0.9608,0.8937,1.2297,98.5711,95.2003,26.2074,0.9951
47,0.5294,0.4696,0.2901,-0.8226,1.0226,1.0104,1.2159,1.2481,92.6494,89.5927,25.1938,1.0763
48,0.3175,0.4599,0.1683,-0.3032,0.7743,0.9565,0.8667,0.5547,95.5990,94.2937,27.3193,0.8869
49,0.1974,0.5523,0.2113,-1.0818,0.7942,1.1547,0.9200,1.5934,96.1865,97.8147,27.6765,1.0561
50,0.1145,0.4807,0.1708,-0.6063,0.7191,0.9917,0.8078,1.0792,90.8770,95.3251,27.3195,0.9590
51,-0.0739,0.4766,0.1721,-0.5008,0.2833,0.9959,0.8143,0.7056,101.3497,87.8192,25.5096,0.9019
52,0.3499,0.4040,0.2515,-0.8754,0.9736,0.8617,1.0002,1.4188,105.2524,90.6603,25.4659,0.9715
53,0.4329,0.4852,0.3335,-0.6764,0.5444,1.0698,1.0477,0.9919,101.6025,85.2231,23.3812,1.0433
54,0.1614,0.4609,0.2544,-0.4630,0.3707,0.9908,0.9730,0.8350,94.3359,89.2779,25.3206,1.0441
55,0.4272,0.5698,0.2210,-0.6744,0.6788,1.2136,0.9347,1.0393,93.3179,97.6795,24.8840,1.0006
56,0.4058,0.5218,0.2350,-1.0214,0.7945,1.1358,1.1108,1.2656,93.5772,91.5794,25.6367,0.9498
57,0.6204,0.4677,0.2072,-0.7589,1.3528,0.9874,1.0742,1.1495,89.8488,93.7995,25.6773,0.9243
58,0.4160,0.4699,0.2191,-1.1063,1.1036,1.0196,0.8907,1.6294,95.0676,90.5605,25.2160,1.0070
59,0.6389,0.4620,0.1739,-0.9079,1.0535,0.9875,0.6817,1.5055,87.9332,89.7579,25.5131,0.9738
60,0.3767,0.4865,0.2401,-0.6061,0.7817,1.0321,0.9929,1.0702,96.3587,97.3002,25.8594,1.0632
61,0.4145,0.3864,0.1959,-0.7330,1.0242,0.8293,0.8588,1.2087,92.4133,92.4872,27.2927,1.0796
62,0.4241,0.4321,0.2803,-0.8069,0.7899,0.8989,1.0082,1.1727,93.7019,87.4898,25.3094,1.0274
64,0.4369,0.4615,0.4161,-0.8654,0.9167,1.0336,1.2761,1.3137,100.3992,83.8908,21.5770,0.9763
65,0.7784,0.4735,0.2627,-1.0283,1.3048,1.0199,0.9867,1.1652,98.3433,88.9026,23.8981,1.0085
66,0.5787,0.4889,0.3573,-0.6679,0.9375,1.0253,1.1792,1.0646,99.7748,94.9091,22.8604,0.9958
67,0.4482,0.4504,0.2956,-1.0182,0.8882,0.9829,1.0417,1.2931,106.4417,92.0776,24.5926,1.0050
69,-0.3803,-0.5039,0.2239,-0.8750,-1.1018,-1.0538,0.9085,1.2961,93.4957,90.3439,24.0668,1.0566
70,-0.5778,-0.5247,0.2136,-0.8495,-0.9021,-1.1222,0.8663,1.0106,93.4326,86.2006,23.8523,0.9540
71,-0.4773,-0.4784,0.2566,-0.6624,-0.6995,-1.0445,0.9757,1.1775,91.4181,88.8761,25.4392,0.9651
72,-0.4000,-0.4876,0.2036,-0.7805,-0.9623,-1.0534,0.8081,1.1761,90.6557,87.7221,23.6287,0.9830
73,-0.5429,-0.5467,0.1459,-0.7826,-1.0889,-1.0793,0.8002,1.0142,89.7064,88.2862,26.3568,0.9843
74,-0.3604,-0.5024,0.2789,-0.9248,-0.7083,-1.0490,0.9721,1.2078,91.0508,96.6920,24.8216,0.9389
75,-0.2320,-0.4857,0.3685,-0.5912,-0.5631,-1.0633,1.1260,1.1600,101.4498,88.0446,23.9092,1.0988
76,-0.1799,-0.4883,0.2988,-0.6102,-0.7110,-1.0733,1.0773,0.8310,94.8243,91.2489,25.5179,0.9629
77,-0.5342,-0.5040,0.2879,-0.1842,-0.7619,-1.0672,0.9408,0.3322,91.8968,89.9687,23.5020,0.8941
78,-0.4521,-0.5647,0.1980,-0.4161,-0.8619,-1.2335,0.7781,0.6857,91.3775,92.0744,27.1664,0.9547
79,-0.3307,-0.5265,0.1935,-0.5578,-1.1900,-1.0648,0.8805,0.9435,94.3662,96.7850,28.1365,1.0156
80,-0.4334,-0.5989,0.2732,-0.7588,-0.7810,-1.2089,1.0574,1.0478,89.7825,96.0634,28.5464,0.9638
81,-0.3506,-0.4899,0.2078,-0.7595,-0.8040,-1.0509,0.8574,1.1143,91.4723,93.5654,27.0572,0.9797
82,-0.2585,-0.5083,0.2216,-0.4778,-0.5070,-1.0626,0.9665,0.7351,91.8730,93.9569,25.6286,0.9343
83,-0.0515,-0.4917,0.2220,-0.5239,-0.3493,-1.0214,0.8779,0.7145,92.2025,94.5607,27.0936,0.9647
84,-0.5214,-0.5165,0.2377,-0.4096,-0.7919,-1.0809,0.9017,0.5241,100.2665,111.2103,28.9982,0.9053
85,-0.2651,-0.4789,0.2268,-0.7216,-0.7955,-1.0443,0.9442,1.0960,98.0914,93.3237,27.3672,1.0998
86,-0.3075,-0.5065,0.2974,-0.3598,-0.8640,-1.0980,0.9875,0.6506,91.1639,101.0528,26.7780,0.9626
87,-0.5115,-0.4521,0.2835,-0.5225,-0.5252,-0.9305,1.0153,0.7655,97.1711,105.1370,27.6048,1.0727
88,-0.1533,-0.5573,0.2009,-0.7328,-0.5338,-1.1062,0.9392,1.0916,100.4516,98.3329,27.3224,1.0631
89,-0.2260,-0.4724,0.2407,-0.3964,-0.6429,-0.9769,0.8114,0.5244,94.6914,101.3952,28.5014,1.0072
90,-0.4233,-0.4317,0.2239,-0.8632,-0.8794,-0.9174,0.8258,1.1435,98.4300,89.0581,25.0428,1.1581
91,-0.4958,-0.6096,0.2690,-0.2820,-1.0948,-1.2992,1.0432,0.3717,98.5473,100.9599,28.1994,0.9917
92,-0.4063,-0.4705,0.2906,-0.8192,-1.4248,-1.0233,0.9699,0.9844,100.6806,88.6278,23.9020,1.0226
93,-0.0042,-0.5375,0.2728,-0.7391,-0.5058,-1.1248,0.9701,1.1331,90.5411,93.9987,26.7002,0.9944
94,-0.3335,-0.4740,0.3326,-0.3413,-0.9574,-0.9880,1.0964,0.5448,95.9545,96.9804,28.9837,1.2946
95,-0.3947,-0.2996,0.3090,-0.6357,-0.8112,-0.5563,0.9935,0.9475,98.6190,86.0720,21.1212,1.1035
96,-0.3876,-0.4537,0.3418,-0.5184,-0.6505,-0.9957,1.1249,0.6308,93.4659,91.7691,23.5223,1.0796
97,-0.5049,-0.4704,0.3387,-0.3854,-0.9291,-0.9965,0.9916,0.7165,101.1668,90.2287,23.5074,1.1266
98,-0.4133,-0.6158,0.3361,-0.6549,-0.7044,-1.3054,0.9294,0.8893,90.2144,105.4422,26.3172,1.0967
99,-0.3047,-0.5397,0.3848,-0.4263,-1.1406,-1.1272,1.1426,0.7176,90.6479,103.6271,26.6808,1.1034
100,-0.5558,-0.4388,0.2395,-0.6506,-0.9619,-0.9656,0.9611,0.9448,96.4067,98.0943,25.2684,1.0214
101,-0.2391,-0.4522,0.2694,-0.6658,-0.7560,-0.9822,0.9437,1.0281,103.9376,100.8299,27.4652,1.0126
102,-0.2300,-0.4612,0.2279,-1.1994,-1.0013,-0.9627,1.1741,0.8643,90.5941,92.0595,25.6641,1.1239
103,-0.4854,-0.4678,0.3716,-0.6749,-1.1428,-1.0006,1.1508,0.8447,93.7209,94.4368,26.0342,1.1387
104,-0.1435,-0.5014,0.2840,-0.3659,-0.8643,-1.0803,0.9347,0.4369,85.4784,95.8125,27.1573,1.0529
105,-0.2590,-0.4802,0.2883,-0.4307,-0.5784,-1.0432,1.0917,0.8420,99.5641,104.1286,26.3267,1.1964
106,0.4862,-0.5317,0.3242,0.6436,0.9971,-1.1354,0.9117,-0.9263,100.5202,98.7100,27.0200,1.3246
107,0.2379,-0.4724,0.3221,0.6192,0.7622,-0.9943,0.9872,-0.9381,107.1924,100.2389,28.8438,1.2337
108,0.5340,-0.5149,0.3179,0.4829,0.7154,-1.0611,1.0122,-0.8799,100.7485,107.7958,30.4879,1.2960
109,0.1156,-0.5289,0.3716,0.5899,0.5544,-1.0860,1.1589,-0.7961,110.6845,109.3511,29.7104,1.2881
111,0.2575,-0.4626,0.2881,0.6769,0.8649,-0.9689,1.0706,-0.9843,105.0397,105.2201,32.0530,1.3553
113,0.5100,-0.5050,0.3709,0.4588,1.1066,-1.0930,1.0456,-0.8151,102.4707,97.6367,25.6030,1.4041
114,0.6191,-0.5964,0.2327,0.8519,1.1345,-1.2006,0.8334,-1.0703,94.1663,94.6691,25.3745,1.3830
115,0.7695,-0.4563,0.3662,0.6769,0.9945,-1.0048,0.9353,-1.0210,106.4288,95.7105,24.0573,1.4885
116,-0.5536,-0.5769,0.4061,0.7558,-1.6820,-1.3443,1.3637,-1.2189,117.3526,101.1690,30.3272,1.3035
117,-0.5276,-0.4881,0.3743,0.5721,-1.0470,-1.1424,1.2162,-0.8948,105.6632,96.0639,29.8574,1.1198
118,-0.3386,-0.5258,0.3538,0.6709,-0.8227,-1.1608,1.1821,-0.8781,108.6452,100.3172,28.8211,1.1437
119,-0.3680,-0.5373,0.4124,0.3283,-1.0071,-1.1692,1.3193,-0.5543,106.3550,95.6305,28.2761,1.1684
120,-0.6137,-0.5852,0.3692,0.2887,-1.1484,-1.2265,1.1053,-0.6140,100.1906,93.0294,26.9178,1.1853
121,-0.6191,-0.5504,0.3664,0.3030,-1.3258,-1.1013,1.1979,-0.4517,101.6868,94.8976,28.7727,1.1321
