t,true,edge_timing,count_diff_100hz
0.000,0.000,-0.285,0.000
0.001,0.000,-0.284,0.000
0.002,0.000,-0.282,0.000
0.003,0.000,-0.281,0.000
0.004,0.000,-0.280,0.000
0.005,0.000,-0.279,0.000
0.006,0.000,-0.278,0.000
0.007,0.000,-0.277,0.000
0.008,0.000,-0.275,0.000
0.009,0.000,-0.274,0.000
0.010,0.000,-0.273,0.000
0.011,0.000,-0.272,0.000
0.012,0.000,-0.271,0.000
0.013,0.000,-0.270,0.000
0.014,0.000,-0.269,0.000
0.015,0.000,0.000,0.000
0.016,0.000,0.000,0.000
0.017,0.000,0.000,0.000
0.018,0.000,0.000,0.000
0.019,0.000,0.000,0.000
0.020,0.000,0.000,0.000
0.021,0.000,0.000,0.000
0.022,0.000,0.000,0.000
0.023,0.000,0.000,0.000
0.024,0.000,0.000,0.000
0.025,0.000,0.000,0.000
0.026,0.000,0.000,0.000
0.027,0.000,0.000,0.000
0.028,0.000,0.000,0.000
0.029,0.000,0.000,0.000
0.030,0.000,0.000,0.000
0.031,0.000,0.000,0.000
0.032,0.000,0.000,0.000
0.033,0.000,0.000,0.000
0.034,0.000,0.000,0.000
0.035,0.000,0.000,0.000
0.036,0.000,0.000,0.000
0.037,0.000,0.000,0.000
0.038,0.000,0.000,0.000
0.039,0.000,0.000,0.000
0.040,0.000,0.000,0.000
0.041,0.000,0.000,0.000
0.042,0.000,0.000,0.000
0.043,0.000,0.000,0.000
0.044,0.000,0.000,0.000
0.045,0.000,0.000,0.000
0.046,0.000,0.000,0.000
0.047,0.000,0.000,0.000
0.048,0.000,0.000,0.000
0.049,0.000,0.000,0.000
0.050,0.000,0.000,0.000
0.051,0.000,0.000,0.000
0.052,0.000,0.000,0.000
0.053,0.000,0.000,0.000
0.054,0.000,0.000,0.000
0.055,0.000,0.000,0.000
0.056,0.000,0.000,0.000
0.057,0.000,0.000,0.000
0.058,0.000,0.000,0.000
0.059,0.000,0.000,0.000
0.060,0.000,0.000,0.000
0.061,0.000,0.000,0.000
0.062,0.000,0.000,0.000
0.063,0.000,0.000,0.000
0.064,0.000,0.000,0.000
0.065,0.000,0.000,0.000
0.066,0.000,0.000,0.000
0.067,0.000,0.000,0.000
0.068,0.000,0.000,0.000
0.069,0.000,0.000,0.000
0.070,0.000,0.000,0.000
0.071,0.000,0.000,0.000
0.072,0.000,0.000,0.000
0.073,0.000,0.000,0.000
0.074,0.000,0.000,0.000
0.075,0.000,0.000,0.000
0.076,0.000,0.000,0.000
0.077,0.000,0.000,0.000
0.078,0.000,0.000,0.000
0.079,0.000,0.000,0.000
0.080,0.000,0.000,0.000
0.081,0.000,0.000,0.000
0.082,0.000,0.000,0.000
0.083,0.000,0.000,0.000
0.084,0.000,0.000,0.000
0.085,0.000,0.000,0.000
0.086,0.000,0.000,0.000
0.087,0.000,0.000,0.000
0.088,0.000,0.000,0.000
0.089,0.000,0.000,0.000
0.090,0.000,0.000,0.000
0.091,0.000,0.000,0.000
0.092,0.000,0.000,0.000
0.093,0.000,0.000,0.000
0.094,0.000,0.000,0.000
0.095,0.000,0.000,0.000
0.096,0.000,0.000,0.000
0.097,0.000,0.000,0.000
0.098,0.000,0.000,0.000
0.099,0.000,0.000,0.000
0.100,0.000,0.000,0.000
0.101,0.000,0.000,0.000
0.102,0.000,0.000,0.000
0.103,0.000,0.000,0.000
0.104,0.000,0.000,0.000
0.105,0.000,0.000,0.000
0.106,0.000,0.000,0.000
0.107,0.000,0.000,0.000
0.108,0.000,0.000,0.000
0.109,0.000,0.000,0.000
0.110,0.000,0.000,0.000
0.111,0.000,0.000,0.000
0.112,0.000,0.000,0.000
0.113,0.000,0.000,0.000
0.114,0.129,0.000,0.000
0.115,0.258,0.000,0.000
0.116,0.386,0.000,0.000
0.117,0.513,0.000,0.000
0.118,0.640,0.000,0.000
0.119,0.766,0.000,0.000
0.120,0.892,0.000,0.000
0.121,1.017,0.000,0.000
0.122,1.142,0.000,0.000
0.123,1.267,0.000,0.000
0.124,1.391,0.000,0.000
0.125,1.516,0.000,0.000
0.126,1.639,0.000,0.000
0.127,1.763,0.000,0.000
0.128,1.887,0.000,0.000
0.129,2.010,0.000,0.000
0.130,2.134,0.000,0.000
0.131,2.257,0.000,0.000
0.132,2.380,0.000,0.000
0.133,2.504,0.000,0.000
0.134,2.627,0.000,0.000
0.135,2.750,0.000,0.000
0.136,2.874,0.000,0.000
0.137,2.997,0.000,0.000
0.138,3.121,0.000,0.000
0.139,3.245,0.000,0.000
0.140,3.369,0.000,6.698
0.141,3.493,0.000,6.698
0.142,3.618,0.000,6.698
0.143,3.742,0.000,6.698
0.144,3.867,0.000,6.698
0.145,3.992,0.000,6.698
0.146,4.117,0.000,6.698
0.147,4.243,0.000,6.698
0.148,4.369,0.000,6.698
0.149,4.495,0.000,6.698
0.150,4.622,0.000,0.000
0.151,4.749,0.000,0.000
0.152,4.876,0.000,0.000
0.153,5.003,0.000,0.000
0.154,5.131,0.000,0.000
0.155,5.260,3.717,0.000
0.156,5.320,3.717,0.000
0.157,5.380,3.717,0.000
0.158,5.440,3.717,0.000
0.159,5.500,3.717,0.000
0.160,5.560,3.717,6.698
0.161,5.621,3.717,6.698
0.162,5.681,3.717,6.698
0.163,5.742,3.717,6.698
0.164,5.803,3.717,6.698
0.165,5.864,3.717,6.698
0.166,5.926,3.717,6.698
0.167,5.988,3.717,6.698
0.168,6.049,3.717,6.698
0.169,6.112,4.277,6.698
0.170,6.164,4.277,6.698
0.171,6.216,4.277,6.698
0.172,6.269,4.277,6.698
0.173,6.322,4.277,6.698
0.174,6.375,4.277,6.698
0.175,6.429,4.277,6.698
0.176,6.482,4.277,6.698
0.177,6.537,4.277,6.698
0.178,6.591,4.942,6.698
0.179,6.634,4.942,6.698
0.180,6.677,4.942,6.698
0.181,6.720,4.942,6.698
0.182,6.764,4.942,6.698
0.183,6.808,4.942,6.698
0.184,6.852,4.942,6.698
0.185,6.897,4.942,6.698
0.186,6.942,4.942,6.698
0.187,6.987,5.404,6.698
0.188,7.024,5.404,6.698
0.189,7.062,5.404,6.698
0.190,7.100,5.404,6.698
0.191,7.139,5.404,6.698
0.192,7.177,5.404,6.698
0.193,7.217,5.404,6.698
0.194,7.256,5.404,6.698
0.195,7.296,5.404,6.698
0.196,7.337,5.404,6.698
0.197,7.378,6.401,6.698
0.198,7.401,6.401,6.698
0.199,7.424,6.401,6.698
0.200,7.448,6.401,6.698
0.201,7.472,6.401,6.698
0.202,7.496,6.401,6.698
0.203,7.521,6.401,6.698
0.204,7.546,6.401,6.698
0.205,7.572,6.401,6.698
0.206,7.598,6.401,6.698
0.207,7.625,6.945,6.698
0.208,7.642,6.945,6.698
0.209,7.659,6.945,6.698
0.210,7.677,6.945,6.698
0.211,7.695,6.945,6.698
0.212,7.714,6.945,6.698
0.213,7.733,6.945,6.698
0.214,7.752,6.945,6.698
0.215,7.772,7.261,6.698
0.216,7.787,7.261,6.698
0.217,7.802,7.261,6.698
0.218,7.817,7.261,6.698
0.219,7.833,7.261,6.698
0.220,7.850,7.261,6.698
0.221,7.866,7.261,6.698
0.222,7.884,7.509,6.698
0.223,7.897,7.509,6.698
0.224,7.910,7.509,6.698
0.225,7.925,7.509,6.698
0.226,7.939,7.509,6.698
0.227,7.954,7.509,6.698
0.228,7.970,7.509,6.698
0.229,7.986,7.509,6.698
0.230,8.002,7.509,6.698
0.231,8.019,7.509,6.698
0.232,8.037,7.730,6.698
0.233,8.051,7.730,6.698
0.234,8.065,7.730,6.698
0.235,8.080,7.730,6.698
0.236,8.096,7.730,6.698
0.237,8.112,7.730,6.698
0.238,8.128,7.730,6.698
0.239,8.145,7.730,6.698
0.240,8.163,7.730,6.698
0.241,8.181,7.903,6.698
0.242,8.197,7.903,6.698
0.243,8.212,7.903,6.698
0.244,8.229,7.903,6.698
0.245,8.246,7.903,6.698
0.246,8.263,7.903,6.698
0.247,8.281,7.903,6.698
0.248,8.300,8.022,6.698
0.249,8.317,8.022,6.698
0.250,8.334,8.022,13.396
0.251,8.352,8.022,13.396
0.252,8.371,8.022,13.396
0.253,8.390,8.022,13.396
0.254,8.410,8.022,13.396
0.255,8.430,8.139,13.396
0.256,8.449,8.139,13.396
0.257,8.468,8.139,13.396
0.258,8.487,8.139,13.396
0.259,8.508,8.139,13.396
0.260,8.528,8.139,6.698
0.261,8.550,8.139,6.698
0.262,8.572,8.139,6.698
0.263,8.594,8.139,6.698
0.264,8.617,8.300,6.698
0.265,8.638,8.300,6.698
0.266,8.659,8.300,6.698
0.267,8.681,8.300,6.698
0.268,8.703,8.300,6.698
0.269,8.726,8.300,6.698
0.270,8.749,8.300,6.698
0.271,8.773,8.300,6.698
0.272,8.798,8.300,6.698
0.273,8.823,8.468,6.698
0.274,8.845,8.468,6.698
0.275,8.868,8.468,6.698
0.276,8.892,8.468,6.698
0.277,8.916,8.468,6.698
0.278,8.941,8.468,6.698
0.279,8.966,8.609,6.698
0.280,8.990,8.609,13.396
0.281,9.013,8.609,13.396
0.282,9.038,8.609,13.396
0.283,9.063,8.609,13.396
0.284,9.088,8.609,13.396
0.285,9.115,8.609,13.396
0.286,9.141,8.761,13.396
0.287,9.166,8.761,13.396
0.288,9.191,8.761,13.396
0.289,9.216,8.761,13.396
0.290,9.242,8.761,6.698
0.291,9.269,8.761,6.698
0.292,9.296,8.761,6.698
0.293,9.324,8.761,6.698
0.294,9.353,8.955,6.698
0.295,9.378,8.955,6.698
0.296,9.404,8.955,6.698
0.297,9.430,8.955,6.698
0.298,9.457,8.955,6.698
0.299,9.485,8.955,6.698
0.300,9.513,8.955,6.698
0.301,9.542,8.955,6.698
0.302,9.571,9.163,6.698
0.303,9.597,9.163,6.698
0.304,9.624,9.163,6.698
0.305,9.651,9.163,6.698
0.306,9.679,9.163,6.698
0.307,9.707,9.163,6.698
0.308,9.736,9.329,6.698
0.309,9.762,9.329,6.698
0.310,9.789,9.329,13.396
0.311,9.817,9.329,13.396
0.312,9.845,9.329,13.396
0.313,9.873,9.329,13.396
0.314,9.902,9.508,13.396
0.315,9.929,9.508,13.396
0.316,9.955,9.508,13.396
0.317,9.983,9.508,13.396
0.318,10.011,9.508,13.396
0.319,10.040,9.508,13.396
0.320,10.069,9.508,6.698
0.321,10.098,9.508,6.698
0.322,10.129,9.714,6.698
0.323,10.156,9.714,6.698
0.324,10.183,9.714,6.698
0.325,10.211,9.714,6.698
0.326,10.240,9.714,6.698
0.327,10.269,9.714,6.698
0.328,10.299,9.714,6.698
0.329,10.329,9.931,6.698
0.330,10.356,9.931,13.396
0.331,10.384,9.931,13.396
0.332,10.412,9.931,13.396
0.333,10.440,9.931,13.396
0.334,10.469,9.931,13.396
0.335,10.499,10.095,13.396
0.336,10.526,10.095,13.396
0.337,10.554,10.095,13.396
0.338,10.582,10.095,13.396
0.339,10.611,10.095,13.396
0.340,10.640,10.257,13.396
0.341,10.667,10.257,13.396
0.342,10.694,10.257,13.396
0.343,10.722,10.257,13.396
0.344,10.751,10.257,13.396
0.345,10.780,10.257,13.396
0.346,10.810,10.257,13.396
0.347,10.840,10.466,13.396
0.348,10.867,10.466,13.396
0.349,10.894,10.466,13.396
0.350,10.922,10.466,6.698
0.351,10.951,10.466,6.698
0.352,10.980,10.466,6.698
0.353,11.010,10.466,6.698
0.354,11.040,10.666,6.698
0.355,11.067,10.666,6.698
0.356,11.095,10.666,6.698
0.357,11.123,10.666,6.698
0.358,11.151,10.666,6.698
0.359,11.181,10.821,6.698
0.360,11.208,10.821,13.396
0.361,11.235,10.821,13.396
0.362,11.263,10.821,13.396
0.363,11.292,10.821,13.396
0.364,11.321,10.821,13.396
0.365,11.351,10.981,13.396
0.366,11.378,10.981,13.396
0.367,11.406,10.981,13.396
0.368,11.434,10.981,13.396
0.369,11.463,10.981,13.396
0.370,11.493,10.981,6.698
0.371,11.523,11.173,6.698
0.372,11.550,11.173,6.698
0.373,11.577,11.173,6.698
0.374,11.605,11.173,6.698
0.375,11.634,11.173,6.698
0.376,11.663,11.173,6.698
0.377,11.693,11.173,6.698
0.378,11.723,11.353,6.698
0.379,11.751,11.353,6.698
0.380,11.779,11.353,13.396
0.381,11.808,11.353,13.396
0.382,11.837,11.353,13.396
0.383,11.866,11.509,13.396
0.384,11.894,11.509,13.396
0.385,11.922,11.509,13.396
0.386,11.950,11.509,13.396
0.387,11.979,11.509,13.396
0.388,12.009,11.659,13.396
0.389,12.036,11.659,13.396
0.390,12.064,11.659,13.396
0.391,12.093,11.659,13.396
0.392,12.122,11.659,13.396
0.393,12.151,11.659,13.396
0.394,12.181,11.834,13.396
0.395,12.209,11.834,13.396
0.396,12.237,11.834,13.396
0.397,12.265,11.834,13.396
0.398,12.294,11.834,13.396
0.399,12.324,11.834,13.396
0.400,12.354,12.015,13.396
0.401,12.382,12.015,13.396
0.402,12.410,12.015,13.396
0.403,12.438,12.015,13.396
0.404,12.467,12.015,13.396
0.405,12.497,12.156,13.396
0.406,12.524,12.156,13.396
0.407,12.552,12.156,13.396
0.408,12.581,12.156,13.396
0.409,12.610,12.290,13.396
0.410,12.637,12.290,13.396
0.411,12.665,12.290,13.396
0.412,12.693,12.290,13.396
0.413,12.722,12.290,13.396
0.414,12.752,12.290,13.396
0.415,12.781,12.462,13.396
0.416,12.809,12.462,13.396
0.417,12.837,12.462,13.396
0.418,12.865,12.462,13.396
0.419,12.894,12.462,13.396
0.420,12.924,12.462,6.698
0.421,12.954,12.638,6.698
0.422,12.981,12.638,6.698
0.423,13.009,12.638,6.698
0.424,13.038,12.638,6.698
0.425,13.067,12.638,6.698
0.426,13.096,12.770,6.698
0.427,13.124,12.770,6.698
0.428,13.152,12.770,6.698
0.429,13.181,12.770,6.698
0.430,13.210,12.906,20.094
0.431,13.237,12.906,20.094
0.432,13.265,12.906,20.094
0.433,13.294,12.906,20.094
0.434,13.323,12.906,20.094
0.435,13.352,12.906,20.094
0.436,13.382,13.070,20.094
0.437,13.410,13.070,20.094
0.438,13.438,13.070,20.094
0.439,13.467,13.070,20.094
0.440,13.496,13.070,6.698
0.441,13.526,13.237,6.698
0.442,13.553,13.237,6.698
0.443,13.581,13.237,6.698
0.444,13.609,13.237,6.698
0.445,13.638,13.237,6.698
0.446,13.668,13.356,6.698
0.447,13.696,13.356,6.698
0.448,13.724,13.356,6.698
0.449,13.753,13.356,6.698
0.450,13.782,13.491,20.094
0.451,13.810,13.491,20.094
0.452,13.838,13.491,20.094
0.453,13.866,13.491,20.094
0.454,13.896,13.491,20.094
0.455,13.925,13.642,20.094
0.456,13.953,13.642,20.094
0.457,13.981,13.642,20.094
0.458,14.009,13.642,20.094
0.459,14.038,13.642,20.094
0.460,14.068,13.642,6.698
0.461,14.098,13.796,6.698
0.462,14.126,13.796,6.698
0.463,14.155,13.796,6.698
0.464,14.184,13.796,6.698
0.465,14.213,13.911,6.698
0.466,14.241,13.911,6.698
0.467,14.270,13.911,6.698
0.468,14.299,13.911,6.698
0.469,14.328,14.042,6.698
0.470,14.356,14.042,20.094
0.471,14.384,14.042,20.094
0.472,14.413,14.042,20.094
0.473,14.443,14.042,20.094
0.474,14.473,14.191,20.094
0.475,14.500,14.191,20.094
0.476,14.529,14.191,20.094
0.477,14.557,14.191,20.094
0.478,14.587,14.191,20.094
0.479,14.617,14.343,20.094
0.480,14.644,14.343,13.396
0.481,14.673,14.343,13.396
0.482,14.701,14.343,13.396
0.483,14.731,14.467,13.396
0.484,14.758,14.467,13.396
0.485,14.787,14.467,13.396
0.486,14.815,14.467,13.396
0.487,14.844,14.467,13.396
0.488,14.874,14.577,13.396
0.489,14.902,14.577,13.396
0.490,14.931,14.577,13.396
0.491,14.961,14.577,13.396
0.492,14.991,14.721,13.396
0.493,15.018,14.721,13.396
0.494,15.047,14.721,13.396
0.495,15.076,14.721,13.396
0.496,15.105,14.721,13.396
0.497,15.135,14.868,13.396
0.498,15.163,14.868,13.396
0.499,15.192,14.868,13.396
0.500,15.220,14.868,13.396
0.501,15.250,14.985,13.396
0.502,15.278,14.985,13.396
0.503,15.306,14.985,13.396
0.504,15.335,14.985,13.396
0.505,15.365,15.103,13.396
0.506,15.393,15.103,13.396
0.507,15.421,15.103,13.396
0.508,15.450,15.103,13.396
0.509,15.480,15.103,13.396
0.510,15.510,15.240,20.094
0.511,15.538,15.240,20.094
0.512,15.567,15.240,20.094
0.513,15.596,15.240,20.094
0.514,15.626,15.240,20.094
0.515,15.656,15.380,20.094
0.516,15.684,15.380,20.094
0.517,15.713,15.380,20.094
0.518,15.742,15.380,20.094
0.519,15.772,15.505,20.094
0.520,15.800,15.505,13.396
0.521,15.829,15.505,13.396
0.522,15.858,15.613,13.396
0.523,15.886,15.613,13.396
0.524,15.915,15.613,13.396
0.525,15.943,15.613,13.396
0.526,15.973,15.613,13.396
0.527,16.003,15.760,13.396
0.528,16.031,15.760,13.396
0.529,16.059,15.760,13.396
0.530,16.088,15.760,13.396
0.531,16.118,15.760,13.396
0.532,16.148,15.891,13.396
0.533,16.176,15.891,13.396
0.534,16.204,15.891,13.396
0.535,16.234,15.986,13.396
0.536,16.262,15.986,13.396
0.537,16.290,15.986,13.396
0.538,16.320,15.986,13.396
0.539,16.349,16.101,13.396
0.540,16.377,16.101,20.094
0.541,16.406,16.101,20.094
0.542,16.435,16.101,20.094
0.543,16.465,16.101,20.094
0.544,16.495,16.218,20.094
0.545,16.524,16.218,20.094
0.546,16.553,16.218,20.094
0.547,16.583,16.218,20.094
0.548,16.613,16.357,20.094
0.549,16.642,16.357,20.094
0.550,16.671,16.357,13.396
0.551,16.700,16.357,13.396
0.552,16.730,16.457,13.396
0.553,16.759,16.457,13.396
0.554,16.788,16.457,13.396
0.555,16.818,16.559,13.396
0.556,16.846,16.559,13.396
0.557,16.875,16.559,13.396
0.558,16.905,16.559,13.396
0.559,16.935,16.559,13.396
0.560,16.966,16.704,20.094
0.561,16.994,16.704,20.094
0.562,17.023,16.704,20.094
0.563,17.053,16.704,20.094
0.564,17.083,16.829,20.094
0.565,17.112,16.829,20.094
0.566,17.141,16.829,20.094
0.567,17.170,16.936,20.094
0.568,17.198,16.936,20.094
0.569,17.227,16.936,20.094
0.570,17.256,16.936,13.396
0.571,17.286,17.044,13.396
0.572,17.314,17.044,13.396
0.573,17.343,17.044,13.396
0.574,17.372,17.044,13.396
0.575,17.402,17.175,13.396
0.576,17.430,17.175,13.396
0.577,17.459,17.175,13.396
0.578,17.488,17.175,13.396
0.579,17.518,17.175,13.396
0.580,17.548,17.308,20.094
0.581,17.576,17.308,20.094
0.582,17.605,17.308,20.094
0.583,17.635,17.398,20.094
0.584,17.663,17.398,20.094
0.585,17.692,17.398,20.094
0.586,17.721,17.489,20.094
0.587,17.750,17.489,20.094
0.588,17.779,17.489,20.094
0.589,17.808,17.489,20.094
0.590,17.838,17.603,20.094
0.591,17.866,17.603,20.094
0.592,17.895,17.603,20.094
0.593,17.925,17.603,20.094
0.594,17.955,17.603,20.094
0.595,17.985,17.743,20.094
0.596,18.014,17.743,20.094
0.597,18.043,17.743,20.094
0.598,18.073,17.838,20.094
0.599,18.101,17.838,20.094
0.600,18.130,17.838,13.396
0.601,18.160,17.933,13.396
0.602,18.188,17.933,13.396
0.603,18.217,17.933,13.396
0.604,18.246,17.933,13.396
0.605,18.276,18.054,13.396
0.606,18.305,18.054,13.396
0.607,18.333,18.054,13.396
0.608,18.363,18.054,13.396
0.609,18.393,18.152,13.396
0.610,18.421,18.152,20.094
0.611,18.451,18.152,20.094
0.612,18.480,18.152,20.094
0.613,18.511,18.276,20.094
0.614,18.539,18.276,20.094
0.615,18.569,18.276,20.094
0.616,18.598,18.376,20.094
0.617,18.627,18.376,20.094
0.618,18.656,18.376,20.094
0.619,18.685,18.376,20.094
0.620,18.715,18.478,20.094
0.621,18.744,18.478,20.094
0.622,18.773,18.478,20.094
0.623,18.803,18.478,20.094
0.624,18.833,18.606,20.094
0.625,18.862,18.606,20.094
0.626,18.891,18.606,20.094
0.627,18.921,18.684,20.094
0.628,18.949,18.684,20.094
0.629,18.979,18.684,20.094
0.630,19.008,18.789,20.094
0.631,19.037,18.789,20.094
0.632,19.066,18.789,20.094
0.633,19.096,18.789,20.094
0.634,19.126,18.921,20.094
0.635,19.154,18.921,20.094
0.636,19.183,18.921,20.094
0.637,19.212,18.921,20.094
0.638,19.242,19.029,20.094
0.639,19.270,19.029,20.094
0.640,19.299,19.029,13.396
0.641,19.329,19.110,13.396
0.642,19.357,19.110,13.396
0.643,19.386,19.110,13.396
0.644,19.416,19.192,13.396
0.645,19.445,19.192,13.396
0.646,19.474,19.192,13.396
0.647,19.504,19.192,13.396
0.648,19.534,19.303,13.396
0.649,19.563,19.303,13.396
0.650,19.592,19.303,20.094
0.651,19.622,19.303,20.094
0.652,19.653,19.415,20.094
0.653,19.682,19.415,20.094
0.654,19.711,19.415,20.094
0.655,19.742,19.500,20.094
0.656,19.771,19.500,20.094
0.657,19.800,19.500,20.094
0.658,19.830,19.614,20.094
0.659,19.859,19.614,20.094
0.660,19.888,19.614,20.094
0.661,19.918,19.700,20.094
0.662,19.947,19.700,20.094
0.663,19.976,19.700,20.094
0.664,20.006,19.700,20.094
0.665,20.036,19.817,20.094
0.666,20.065,19.817,20.094
0.667,20.094,19.817,20.094
0.668,20.124,19.935,20.094
0.669,20.152,19.935,20.094
0.670,20.181,19.935,20.094
0.671,20.210,19.994,20.094
0.672,20.239,19.994,20.094
0.673,20.268,19.994,20.094
0.674,20.298,19.994,20.094
0.675,20.328,20.114,20.094
0.676,20.357,20.114,20.094
0.677,20.386,20.114,20.094
0.678,20.416,20.236,20.094
0.679,20.444,20.236,20.094
0.680,20.473,20.236,20.094
0.681,20.502,20.297,20.094
0.682,20.531,20.297,20.094
0.683,20.560,20.297,20.094
0.684,20.590,20.390,20.094
0.685,20.618,20.390,20.094
0.686,20.647,20.390,20.094
0.687,20.677,20.390,20.094
0.688,20.707,20.515,20.094
0.689,20.736,20.515,20.094
0.690,20.765,20.515,20.094
0.691,20.794,20.610,20.094
0.692,20.822,20.610,20.094
0.693,20.851,20.610,20.094
0.694,20.881,20.673,20.094
0.695,20.910,20.673,20.094
0.696,20.939,20.673,20.094
0.697,20.969,20.769,20.094
0.698,20.998,20.769,20.094
0.699,21.027,20.769,20.094
0.700,21.057,20.769,20.094
0.701,21.087,20.866,20.094
0.702,21.116,20.866,20.094
0.703,21.146,20.866,20.094
0.704,21.176,20.964,20.094
0.705,21.205,20.964,20.094
0.706,21.235,20.964,20.094
0.707,21.265,21.063,20.094
0.708,21.293,21.063,20.094
0.709,21.323,21.063,20.094
0.710,21.353,21.163,26.793
0.711,21.381,21.163,26.793
0.712,21.410,21.163,26.793
0.713,21.440,21.230,26.793
0.714,21.469,21.230,26.793
0.715,21.499,21.230,26.793
0.716,21.529,21.230,26.793
0.717,21.559,21.366,26.793
0.718,21.588,21.366,26.793
0.719,21.617,21.434,26.793
0.720,21.646,21.434,20.094
0.721,21.675,21.434,20.094
0.722,21.705,21.503,20.094
0.723,21.734,21.503,20.094
0.724,21.763,21.503,20.094
0.725,21.793,21.503,20.094
0.726,21.824,21.642,20.094
0.727,21.852,21.642,20.094
0.728,21.881,21.642,20.094
0.729,21.911,21.712,20.094
0.730,21.940,21.712,20.094
0.731,21.970,21.712,20.094
0.732,22.000,21.818,20.094
0.733,22.028,21.818,20.094
0.734,22.057,21.889,20.094
0.735,22.086,21.889,20.094
0.736,22.115,21.889,20.094
0.737,22.144,21.889,20.094
0.738,22.174,21.961,20.094
0.739,22.203,21.961,20.094
0.740,22.233,21.961,20.094
0.741,22.264,22.070,20.094
0.742,22.293,22.070,20.094
0.743,22.322,22.070,20.094
0.744,22.352,22.143,20.094
0.745,22.381,22.143,20.094
0.746,22.411,22.143,20.094
0.747,22.441,22.216,20.094
0.748,22.471,22.216,20.094
0.749,22.501,22.216,20.094
0.750,22.532,22.327,26.793
0.751,22.561,22.327,26.793
0.752,22.590,22.327,26.793
0.753,22.621,22.439,26.793
0.754,22.649,22.439,26.793
0.755,22.679,22.439,26.793
0.756,22.708,22.515,26.793
0.757,22.737,22.515,26.793
0.758,22.767,22.591,26.793
0.759,22.796,22.591,26.793
0.760,22.825,22.591,20.094
0.761,22.855,22.591,20.094
0.762,22.885,22.706,20.094
0.763,22.914,22.706,20.094
0.764,22.943,22.706,20.094
0.765,22.973,22.783,20.094
0.766,23.002,22.783,20.094
0.767,23.031,22.861,20.094
0.768,23.060,22.861,20.094
0.769,23.089,22.861,20.094
0.770,23.119,22.939,26.793
0.771,23.148,22.939,26.793
0.772,23.177,22.939,26.793
0.773,23.207,23.018,26.793
0.774,23.236,23.018,26.793
0.775,23.266,23.018,26.793
0.776,23.296,23.137,26.793
0.777,23.324,23.137,26.793
0.778,23.353,23.137,26.793
0.779,23.383,23.177,26.793
0.780,23.412,23.177,20.094
0.781,23.442,23.177,20.094
0.782,23.473,23.257,20.094
0.783,23.502,23.257,20.094
0.784,23.532,23.257,20.094
0.785,23.563,23.379,20.094
0.786,23.592,23.379,20.094
0.787,23.622,23.379,20.094
0.788,23.652,23.461,20.094
0.789,23.681,23.461,20.094
0.790,23.710,23.544,26.793
0.791,23.739,23.544,26.793
0.792,23.768,23.544,26.793
0.793,23.798,23.627,26.793
0.794,23.827,23.627,26.793
0.795,23.856,23.627,26.793
0.796,23.886,23.710,26.793
0.797,23.915,23.710,26.793
0.798,23.945,23.710,26.793
0.799,23.975,23.794,26.793
0.800,24.004,23.794,20.094
0.801,24.033,23.794,20.094
0.802,24.063,23.879,20.094
0.803,24.093,23.879,20.094
0.804,24.122,23.965,20.094
0.805,24.151,23.965,20.094
0.806,24.180,23.965,20.094
0.807,24.210,24.008,20.094
0.808,24.239,24.008,20.094
0.809,24.269,24.008,20.094
0.810,24.300,24.137,26.793
0.811,24.329,24.137,26.793
0.812,24.358,24.137,26.793
0.813,24.388,24.181,26.793
0.814,24.417,24.181,26.793
0.815,24.448,24.269,26.793
0.816,24.477,24.269,26.793
0.817,24.506,24.269,26.793
0.818,24.536,24.357,26.793
0.819,24.566,24.357,26.793
0.820,24.595,24.357,20.094
0.821,24.625,24.446,20.094
0.822,24.655,24.446,20.094
0.823,24.684,24.446,20.094
0.824,24.715,24.535,20.094
0.825,24.744,24.535,20.094
0.826,24.773,24.580,20.094
0.827,24.803,24.580,20.094
0.828,24.833,24.580,20.094
0.829,24.863,24.716,20.094
0.830,24.892,24.716,26.793
0.831,24.921,24.716,26.793
0.832,24.950,24.762,26.793
0.833,24.980,24.762,26.793
0.834,25.010,24.854,26.793
0.835,25.039,24.854,26.793
0.836,25.068,24.854,26.793
0.837,25.098,24.946,26.793
0.838,25.126,24.946,26.793
0.839,25.156,24.946,26.793
0.840,25.185,24.993,26.793
0.841,25.215,24.993,26.793
0.842,25.245,24.993,26.793
0.843,25.276,25.087,26.793
0.844,25.305,25.087,26.793
0.845,25.335,25.181,26.793
0.846,25.364,25.181,26.793
0.847,25.393,25.228,26.793
0.848,25.422,25.228,26.793
0.849,25.452,25.228,26.793
0.850,25.482,25.324,26.793
0.851,25.511,25.324,26.793
0.852,25.540,25.324,26.793
0.853,25.570,25.420,26.793
0.854,25.599,25.420,26.793
0.855,25.628,25.420,26.793
0.856,25.658,25.468,26.793
0.857,25.688,25.468,26.793
0.858,25.718,25.565,26.793
0.859,25.747,25.565,26.793
0.860,25.776,25.565,20.094
0.861,25.806,25.614,20.094
0.862,25.836,25.614,20.094
0.863,25.866,25.614,20.094
0.864,25.897,25.713,20.094
0.865,25.926,25.713,20.094
0.866,25.956,25.762,20.094
0.867,25.986,25.762,20.094
0.868,26.016,25.812,20.094
0.869,26.046,25.812,20.094
0.870,26.076,25.812,26.793
0.871,26.107,25.962,26.793
0.872,26.136,25.962,26.793
0.873,26.165,25.962,26.793
0.874,26.195,26.012,26.793
0.875,26.224,26.012,26.793
0.876,26.254,26.114,26.793
0.877,26.283,26.114,26.793
0.878,26.312,26.114,26.793
0.879,26.342,26.165,26.793
0.880,26.372,26.165,26.793
0.881,26.402,26.267,26.793
0.882,26.430,26.267,26.793
0.883,26.459,26.267,26.793
0.884,26.489,26.371,26.793
0.885,26.517,26.371,26.793
0.886,26.546,26.423,26.793
0.887,26.575,26.423,26.793
0.888,26.604,26.423,26.793
0.889,26.633,26.475,26.793
0.890,26.663,26.475,26.793
0.891,26.692,26.527,26.793
0.892,26.722,26.527,26.793
0.893,26.751,26.527,26.793
0.894,26.782,26.633,26.793
0.895,26.811,26.633,26.793
0.896,26.840,26.686,26.793
0.897,26.870,26.686,26.793
0.898,26.899,26.686,26.793
0.899,26.930,26.739,26.793
0.900,26.959,26.739,26.793
0.901,26.990,26.846,26.793
0.902,27.019,26.846,26.793
0.903,27.048,26.846,26.793
0.904,27.078,26.900,26.793
0.905,27.108,26.900,26.793
0.906,27.138,26.954,26.793
0.907,27.168,26.954,26.793
0.908,27.198,26.954,26.793
0.909,27.229,27.063,26.793
0.910,27.258,27.063,26.793
0.911,27.288,27.118,26.793
0.912,27.318,27.118,26.793
0.913,27.348,27.118,26.793
0.914,27.378,27.228,26.793
0.915,27.408,27.228,26.793
0.916,27.437,27.284,26.793
0.917,27.466,27.284,26.793
0.918,27.496,27.339,26.793
0.919,27.525,27.339,26.793
0.920,27.555,27.339,26.793
0.921,27.586,27.451,26.793
0.922,27.614,27.451,26.793
0.923,27.644,27.451,26.793
0.924,27.674,27.508,26.793
0.925,27.703,27.508,26.793
0.926,27.733,27.564,26.793
0.927,27.763,27.564,26.793
0.928,27.793,27.678,26.793
0.929,27.821,27.678,26.793
0.930,27.850,27.678,26.793
0.931,27.880,27.678,26.793
0.932,27.910,27.678,26.793
0.933,27.941,27.793,26.793
0.934,27.970,27.793,26.793
0.935,28.000,27.793,26.793
0.936,28.030,27.851,26.793
0.937,28.060,27.851,26.793
0.938,28.090,27.909,26.793
0.939,28.120,27.909,26.793
0.940,28.150,28.026,33.491
0.941,28.179,28.026,33.491
0.942,28.209,28.026,33.491
0.943,28.238,28.084,33.491
0.944,28.268,28.084,33.491
0.945,28.298,28.143,33.491
0.946,28.327,28.143,33.491
0.947,28.357,28.203,33.491
0.948,28.386,28.203,33.491
0.949,28.416,28.203,33.491
0.950,28.447,28.262,26.793
0.951,28.476,28.262,26.793
0.952,28.507,28.322,26.793
0.953,28.537,28.322,26.793
0.954,28.567,28.442,26.793
0.955,28.596,28.442,26.793
0.956,28.626,28.442,26.793
0.957,28.655,28.503,26.793
0.958,28.685,28.503,26.793
0.959,28.715,28.563,26.793
0.960,28.744,28.563,26.793
0.961,28.774,28.563,26.793
0.962,28.804,28.686,26.793
0.963,28.833,28.686,26.793
0.964,28.862,28.686,26.793
0.965,28.892,28.686,26.793
0.966,28.923,28.747,26.793
0.967,28.953,28.747,26.793
0.968,28.983,28.871,26.793
0.969,29.012,28.871,26.793
0.970,29.041,28.871,26.793
0.971,29.071,28.871,26.793
0.972,29.101,28.871,26.793
0.973,29.132,28.996,26.793
0.974,29.161,28.996,26.793
0.975,29.190,29.059,26.793
0.976,29.219,29.059,26.793
0.977,29.249,29.059,26.793
0.978,29.279,29.122,26.793
0.979,29.309,29.122,26.793
0.980,29.339,29.249,33.491
0.981,29.367,29.249,33.491
0.982,29.396,29.249,33.491
0.983,29.425,29.249,33.491
0.984,29.455,29.313,33.491
0.985,29.485,29.313,33.491
0.986,29.515,29.313,33.491
0.987,29.545,29.378,33.491
0.988,29.575,29.378,33.491
0.989,29.605,29.442,33.491
0.990,29.635,29.442,26.793
0.991,29.665,29.507,26.793
0.992,29.695,29.507,26.793
0.993,29.725,29.572,26.793
0.994,29.754,29.572,26.793
0.995,29.785,29.572,26.793
0.996,29.815,29.638,26.793
0.997,29.845,29.638,26.793
0.998,29.876,29.703,26.793
0.999,29.906,29.703,26.793
1.000,29.936,29.836,33.491
1.001,29.965,29.836,33.491
1.002,29.964,29.836,33.491
1.003,29.964,29.836,33.491
1.004,29.963,29.836,33.491
1.005,29.962,29.902,33.491
1.006,29.960,29.902,33.491
1.007,29.958,29.969,33.491
1.008,29.955,29.969,33.491
1.009,29.951,29.969,33.491
1.010,29.947,29.969,26.793
1.011,29.944,29.969,26.793
1.012,29.940,29.969,26.793
1.013,29.936,29.969,26.793
1.014,29.932,29.969,26.793
1.015,29.928,29.969,26.793
1.016,29.924,29.969,26.793
1.017,29.920,29.969,26.793
1.018,29.916,29.902,26.793
1.019,29.914,29.902,26.793
1.020,29.911,29.902,33.491
1.021,29.908,29.902,33.491
1.022,29.905,29.902,33.491
1.023,29.902,29.902,33.491
1.024,29.899,29.902,33.491
1.025,29.896,29.902,33.491
1.026,29.893,29.902,33.491
1.027,29.889,29.902,33.491
1.028,29.886,29.902,33.491
1.029,29.883,29.902,33.491
1.030,29.880,29.902,26.793
1.031,29.877,29.902,26.793
1.032,29.874,29.902,26.793
1.033,29.870,29.902,26.793
1.034,29.867,29.836,26.793
1.035,29.865,29.836,26.793
1.036,29.863,29.902,26.793
1.037,29.860,29.902,26.793
1.038,29.856,29.902,26.793
1.039,29.853,29.902,26.793
1.040,29.850,29.902,26.793
1.041,29.846,29.836,26.793
1.042,29.844,29.836,26.793
1.043,29.842,29.902,26.793
1.044,29.839,29.902,26.793
1.045,29.836,29.836,26.793
1.046,29.833,29.836,26.793
1.047,29.831,29.836,26.793
1.048,29.829,29.836,26.793
1.049,29.827,29.836,26.793
1.050,29.825,29.836,33.491
1.051,29.823,29.836,33.491
1.052,29.821,29.836,33.491
1.053,29.819,29.836,33.491
1.054,29.816,29.836,33.491
1.055,29.814,29.836,33.491
1.056,29.812,29.836,33.491
1.057,29.810,29.836,33.491
1.058,29.808,29.836,33.491
1.059,29.806,29.836,33.491
1.060,29.804,29.836,26.793
1.061,29.802,29.769,26.793
1.062,29.801,29.769,26.793
1.063,29.800,29.769,26.793
1.064,29.799,29.769,26.793
1.065,29.798,29.769,26.793
1.066,29.797,29.769,26.793
1.067,29.797,29.769,26.793
1.068,29.796,29.836,26.793
1.069,29.794,29.836,26.793
1.070,29.792,29.836,33.491
1.071,29.790,29.836,33.491
1.072,29.788,29.836,33.491
1.073,29.786,29.836,33.491
1.074,29.784,29.836,33.491
1.075,29.782,29.836,33.491
1.076,29.780,29.836,33.491
1.077,29.778,29.769,33.491
1.078,29.777,29.769,33.491
1.079,29.776,29.769,33.491
1.080,29.775,29.769,26.793
1.081,29.774,29.769,26.793
1.082,29.774,29.769,26.793
1.083,29.773,29.769,26.793
1.084,29.772,29.769,26.793
1.085,29.772,29.769,26.793
1.086,29.771,29.769,26.793
1.087,29.770,29.769,26.793
1.088,29.770,29.769,26.793
1.089,29.769,29.769,26.793
1.090,29.768,29.769,33.491
1.091,29.768,29.769,33.491
1.092,29.767,29.769,33.491
1.093,29.766,29.769,33.491
1.094,29.766,29.769,33.491
1.095,29.765,29.769,33.491
1.096,29.764,29.769,33.491
1.097,29.764,29.769,33.491
1.098,29.763,29.769,33.491
1.099,29.763,29.769,33.491
1.100,29.762,29.769,26.793
1.101,29.761,29.769,26.793
1.102,29.761,29.769,26.793
1.103,29.760,29.769,26.793
1.104,29.760,29.769,26.793
1.105,29.759,29.769,26.793
1.106,29.759,29.769,26.793
1.107,29.758,29.769,26.793
1.108,29.758,29.769,26.793
1.109,29.757,29.769,26.793
1.110,29.757,29.703,33.491
1.111,29.757,29.703,33.491
1.112,29.758,29.703,33.491
1.113,29.759,29.769,33.491
1.114,29.758,29.769,33.491
1.115,29.758,29.769,33.491
1.116,29.757,29.769,33.491
1.117,29.757,29.769,33.491
1.118,29.757,29.769,33.491
1.119,29.756,29.769,33.491
1.120,29.756,29.769,26.793
1.121,29.755,29.769,26.793
1.122,29.755,29.769,26.793
1.123,29.755,29.769,26.793
1.124,29.754,29.703,26.793
1.125,29.755,29.703,26.793
1.126,29.756,29.703,26.793
1.127,29.757,29.703,26.793
1.128,29.758,29.769,26.793
1.129,29.757,29.769,26.793
1.130,29.757,29.769,26.793
1.131,29.757,29.703,26.793
1.132,29.757,29.703,26.793
1.133,29.758,29.769,26.793
1.134,29.758,29.769,26.793
1.135,29.758,29.769,26.793
1.136,29.758,29.769,26.793
1.137,29.757,29.769,26.793
1.138,29.757,29.769,26.793
1.139,29.757,29.769,26.793
1.140,29.756,29.769,33.491
1.141,29.756,29.769,33.491
1.142,29.756,29.769,33.491
1.143,29.756,29.769,33.491
1.144,29.755,29.769,33.491
1.145,29.755,29.769,33.491
1.146,29.755,29.769,33.491
1.147,29.755,29.769,33.491
1.148,29.755,29.769,33.491
1.149,29.754,29.769,33.491
1.150,29.754,29.769,26.793
1.151,29.754,29.769,26.793
1.152,29.754,29.769,26.793
1.153,29.754,29.769,26.793
1.154,29.753,29.769,26.793
1.155,29.753,29.703,26.793
1.156,29.754,29.703,26.793
1.157,29.755,29.703,26.793
1.158,29.756,29.769,26.793
1.159,29.756,29.769,26.793
1.160,29.756,29.769,33.491
1.161,29.756,29.769,33.491
1.162,29.756,29.769,33.491
1.163,29.756,29.769,33.491
1.164,29.756,29.769,33.491
1.165,29.755,29.769,33.491
1.166,29.755,29.769,33.491
1.167,29.755,29.703,33.491
1.168,29.756,29.703,33.491
1.169,29.758,29.703,33.491
1.170,29.759,29.703,26.793
1.171,29.760,29.703,26.793
1.172,29.761,29.703,26.793
1.173,29.762,29.769,26.793
1.174,29.762,29.769,26.793
1.175,29.762,29.769,26.793
1.176,29.762,29.769,26.793
1.177,29.762,29.769,26.793
1.178,29.762,29.769,26.793
1.179,29.762,29.769,26.793
1.180,29.762,29.769,33.491
1.181,29.762,29.769,33.491
1.182,29.762,29.769,33.491
1.183,29.762,29.769,33.491
1.184,29.762,29.769,33.491
1.185,29.762,29.769,33.491
1.186,29.762,29.769,33.491
1.187,29.762,29.769,33.491
1.188,29.763,29.769,33.491
1.189,29.763,29.769,33.491
1.190,29.763,29.769,26.793
1.191,29.763,29.769,26.793
1.192,29.763,29.769,26.793
1.193,29.763,29.769,26.793
1.194,29.763,29.769,26.793
1.195,29.763,29.769,26.793
1.196,29.763,29.769,26.793
1.197,29.763,29.769,26.793
1.198,29.763,29.769,26.793
1.199,29.764,29.769,26.793
1.200,29.764,29.769,33.491
1.201,29.764,29.769,33.491
1.202,29.764,29.769,33.491
1.203,29.764,29.769,33.491
1.204,29.764,29.769,33.491
1.205,29.764,29.769,33.491
1.206,29.764,29.769,33.491
1.207,29.765,29.769,33.491
1.208,29.765,29.769,33.491
1.209,29.765,29.769,33.491
1.210,29.765,29.769,26.793
1.211,29.765,29.769,26.793
1.212,29.766,29.769,26.793
1.213,29.766,29.769,26.793
1.214,29.766,29.769,26.793
1.215,29.766,29.769,26.793
1.216,29.766,29.769,26.793
1.217,29.767,29.769,26.793
1.218,29.767,29.769,26.793
1.219,29.767,29.769,26.793
1.220,29.767,29.769,26.793
1.221,29.768,29.769,26.793
1.222,29.768,29.769,26.793
1.223,29.768,29.769,26.793
1.224,29.768,29.769,26.793
1.225,29.769,29.769,26.793
1.226,29.769,29.769,26.793
1.227,29.769,29.769,26.793
1.228,29.770,29.769,26.793
1.229,29.770,29.769,26.793
1.230,29.770,29.769,33.491
1.231,29.770,29.769,33.491
1.232,29.771,29.769,33.491
1.233,29.771,29.769,33.491
1.234,29.771,29.769,33.491
1.235,29.772,29.769,33.491
1.236,29.772,29.769,33.491
1.237,29.772,29.769,33.491
1.238,29.773,29.769,33.491
1.239,29.773,29.769,33.491
1.240,29.774,29.769,26.793
1.241,29.774,29.769,26.793
1.242,29.774,29.769,26.793
1.243,29.775,29.769,26.793
1.244,29.775,29.769,26.793
1.245,29.776,29.769,26.793
1.246,29.776,29.769,26.793
1.247,29.776,29.769,26.793
1.248,29.777,29.769,26.793
1.249,29.777,29.769,26.793
1.250,29.778,29.769,33.491
1.251,29.778,29.769,33.491
1.252,29.779,29.769,33.491
1.253,29.779,29.769,33.491
1.254,29.779,29.769,33.491
1.255,29.780,29.769,33.491
1.256,29.780,29.769,33.491
1.257,29.781,29.769,33.491
1.258,29.781,29.769,33.491
1.259,29.782,29.769,33.491
1.260,29.782,29.769,26.793
1.261,29.783,29.769,26.793
1.262,29.783,29.769,26.793
1.263,29.784,29.769,26.793
1.264,29.785,29.769,26.793
1.265,29.785,29.769,26.793
1.266,29.786,29.769,26.793
1.267,29.786,29.769,26.793
1.268,29.787,29.769,26.793
1.269,29.787,29.769,26.793
1.270,29.788,29.769,33.491
1.271,29.788,29.769,33.491
1.272,29.789,29.769,33.491
1.273,29.790,29.769,33.491
1.274,29.790,29.769,33.491
1.275,29.791,29.836,33.491
1.276,29.790,29.836,33.491
1.277,29.790,29.836,33.491
1.278,29.789,29.836,33.491
1.279,29.788,29.836,33.491
1.280,29.788,29.836,26.793
1.281,29.787,29.836,26.793
1.282,29.787,29.836,26.793
1.283,29.786,29.836,26.793
1.284,29.785,29.769,26.793
1.285,29.786,29.769,26.793
1.286,29.787,29.769,26.793
1.287,29.787,29.769,26.793
1.288,29.788,29.769,26.793
1.289,29.789,29.769,26.793
1.290,29.789,29.769,33.491
1.291,29.790,29.769,33.491
1.292,29.791,29.769,33.491
1.293,29.791,29.769,33.491
1.294,29.792,29.769,33.491
1.295,29.793,29.769,33.491
1.296,29.793,29.769,33.491
1.297,29.794,29.769,33.491
1.298,29.795,29.769,33.491
1.299,29.796,29.769,33.491
1.300,29.796,29.769,26.793
1.301,29.797,29.769,26.793
1.302,29.798,29.836,26.793
1.303,29.797,29.836,26.793
1.304,29.797,29.836,26.793
1.305,29.796,29.836,26.793
1.306,29.796,29.836,26.793
1.307,29.796,29.836,26.793
1.308,29.795,29.836,26.793
1.309,29.795,29.836,26.793
1.310,29.794,29.836,26.793
1.311,29.794,29.769,26.793
1.312,29.795,29.769,26.793
1.313,29.795,29.769,26.793
1.314,29.796,29.769,26.793
1.315,29.797,29.769,26.793
1.316,29.798,29.769,26.793
1.317,29.799,29.769,26.793
1.318,29.800,29.769,26.793
1.319,29.800,29.769,26.793
1.320,29.801,29.769,33.491
1.321,29.802,29.769,33.491
1.322,29.803,29.769,33.491
1.323,29.804,29.769,33.491
1.324,29.805,29.836,33.491
1.325,29.804,29.836,33.491
1.326,29.804,29.769,33.491
1.327,29.805,29.769,33.491
1.328,29.806,29.836,33.491
1.329,29.806,29.836,33.491
1.330,29.805,29.836,26.793
1.331,29.805,29.836,26.793
1.332,29.805,29.836,26.793
1.333,29.805,29.769,26.793
1.334,29.805,29.769,26.793
1.335,29.806,29.836,26.793
1.336,29.806,29.836,26.793
1.337,29.806,29.769,26.793
1.338,29.807,29.769,26.793
1.339,29.808,29.769,26.793
1.340,29.809,29.836,33.491
1.341,29.809,29.836,33.491
1.342,29.808,29.836,33.491
1.343,29.808,29.836,33.491
1.344,29.808,29.836,33.491
1.345,29.808,29.836,33.491
1.346,29.807,29.836,33.491
1.347,29.807,29.836,33.491
1.348,29.807,29.836,33.491
1.349,29.807,29.769,33.491
1.350,29.808,29.769,26.793
1.351,29.809,29.769,26.793
1.352,29.810,29.769,26.793
1.353,29.811,29.769,26.793
1.354,29.812,29.769,26.793
1.355,29.813,29.836,26.793
1.356,29.813,29.836,26.793
1.357,29.813,29.836,26.793
1.358,29.813,29.836,26.793
1.359,29.813,29.836,26.793
1.360,29.813,29.836,33.491
1.361,29.812,29.836,33.491
1.362,29.812,29.836,33.491
1.363,29.812,29.836,33.491
1.364,29.812,29.769,33.491
1.365,29.813,29.769,33.491
1.366,29.814,29.769,33.491
1.367,29.815,29.769,33.491
1.368,29.817,29.769,33.491
1.369,29.818,29.836,33.491
1.370,29.818,29.836,26.793
1.371,29.818,29.769,26.793
1.372,29.819,29.769,26.793
1.373,29.820,29.836,26.793
1.374,29.820,29.836,26.793
1.375,29.820,29.836,26.793
1.376,29.820,29.836,26.793
1.377,29.820,29.836,26.793
1.378,29.820,29.769,26.793
1.379,29.821,29.769,26.793
1.380,29.822,29.836,33.491
1.381,29.822,29.836,33.491
1.382,29.822,29.836,33.491
1.383,29.822,29.836,33.491
1.384,29.823,29.836,33.491
1.385,29.823,29.836,33.491
1.386,29.823,29.836,33.491
1.387,29.823,29.836,33.491
1.388,29.823,29.836,33.491
1.389,29.823,29.836,33.491
1.390,29.823,29.836,26.793
1.391,29.823,29.836,26.793
1.392,29.823,29.836,26.793
1.393,29.823,29.836,26.793
1.394,29.823,29.836,26.793
1.395,29.823,29.836,26.793
1.396,29.823,29.836,26.793
1.397,29.823,29.836,26.793
1.398,29.823,29.836,26.793
1.399,29.824,29.836,26.793
1.400,29.824,29.769,33.491
1.401,29.825,29.769,33.491
1.402,29.826,29.769,33.491
1.403,29.828,29.836,33.491
1.404,29.828,29.836,33.491
1.405,29.828,29.836,33.491
1.406,29.828,29.836,33.491
1.407,29.828,29.836,33.491
1.408,29.829,29.836,33.491
1.409,29.829,29.836,33.491
1.410,29.829,29.836,26.793
1.411,29.829,29.836,26.793
1.412,29.829,29.769,26.793
1.413,29.831,29.769,26.793
1.414,29.832,29.836,26.793
1.415,29.832,29.836,26.793
1.416,29.833,29.836,26.793
1.417,29.833,29.836,26.793
1.418,29.833,29.836,26.793
1.419,29.833,29.836,26.793
1.420,29.834,29.836,26.793
1.421,29.834,29.836,26.793
1.422,29.834,29.836,26.793
1.423,29.834,29.836,26.793
1.424,29.835,29.836,26.793
1.425,29.835,29.836,26.793
1.426,29.835,29.836,26.793
1.427,29.835,29.836,26.793
1.428,29.836,29.836,26.793
1.429,29.836,29.836,26.793
1.430,29.836,29.836,33.491
1.431,29.837,29.836,33.491
1.432,29.837,29.836,33.491
1.433,29.837,29.836,33.491
1.434,29.838,29.836,33.491
1.435,29.838,29.836,33.491
1.436,29.838,29.836,33.491
1.437,29.839,29.836,33.491
1.438,29.839,29.836,33.491
1.439,29.839,29.836,33.491
1.440,29.840,29.836,26.793
1.441,29.840,29.836,26.793
1.442,29.841,29.836,26.793
1.443,29.841,29.836,26.793
1.444,29.841,29.836,26.793
1.445,29.842,29.836,26.793
1.446,29.842,29.836,26.793
1.447,29.843,29.836,26.793
1.448,29.843,29.836,26.793
1.449,29.843,29.836,26.793
1.450,29.844,29.836,33.491
1.451,29.844,29.836,33.491
1.452,29.845,29.836,33.491
1.453,29.845,29.836,33.491
1.454,29.846,29.836,33.491
1.455,29.846,29.836,33.491
1.456,29.847,29.836,33.491
1.457,29.847,29.902,33.491
1.458,29.846,29.902,33.491
1.459,29.846,29.836,33.491
1.460,29.846,29.836,26.793
1.461,29.847,29.836,26.793
1.462,29.847,29.836,26.793
1.463,29.848,29.836,26.793
1.464,29.848,29.836,26.793
1.465,29.849,29.836,26.793
1.466,29.849,29.836,26.793
1.467,29.850,29.836,26.793
1.468,29.850,29.836,26.793
1.469,29.851,29.836,26.793
1.470,29.851,29.836,33.491
1.471,29.852,29.836,33.491
1.472,29.852,29.902,33.491
1.473,29.852,29.902,33.491
1.474,29.851,29.902,33.491
1.475,29.850,29.836,33.491
1.476,29.851,29.836,33.491
1.477,29.852,29.836,33.491
1.478,29.852,29.836,33.491
1.479,29.853,29.836,33.491
1.480,29.853,29.836,26.793
1.481,29.854,29.836,26.793
1.482,29.855,29.836,26.793
1.483,29.855,29.836,26.793
1.484,29.856,29.836,26.793
1.485,29.857,29.836,26.793
1.486,29.857,29.902,26.793
1.487,29.857,29.902,26.793
1.488,29.856,29.902,26.793
1.489,29.856,29.902,26.793
1.490,29.855,29.836,33.491
1.491,29.856,29.836,33.491
1.492,29.856,29.836,33.491
1.493,29.857,29.902,33.491
1.494,29.857,29.902,33.491
1.495,29.856,29.836,33.491
1.496,29.857,29.836,33.491
1.497,29.858,29.836,33.491
1.498,29.858,29.836,33.491
1.499,29.859,29.902,33.491
