t,ref,vel_ff_only,vel_closed,duty_ff_only,duty_closed
0.0000,0.150,-5.836,0.000,0.0168,0.0640
0.0010,0.300,-5.690,0.000,0.0176,0.0651
0.0020,0.450,-5.543,0.000,0.0184,0.0663
0.0030,0.600,-5.396,0.000,0.0693,0.1175
0.0040,0.750,-4.817,0.000,0.0701,0.1187
0.0050,0.900,-4.257,0.000,0.0709,0.1200
0.0060,1.050,-3.715,0.000,0.0717,0.1212
0.0070,1.200,-3.190,0.000,0.0725,0.1225
0.0080,1.350,-2.682,0.000,0.0733,0.1238
0.0090,1.500,-2.190,0.000,0.0741,0.1251
0.0100,1.650,-1.713,0.000,0.0749,0.1264
0.0110,1.800,-1.251,0.000,0.0757,0.1277
0.0120,1.950,-0.802,0.000,0.0765,0.1290
0.0130,2.100,-0.367,0.000,0.0773,0.1304
0.0140,2.250,0.000,0.000,0.0781,0.1318
0.0150,2.400,0.000,0.000,0.0789,0.1326
0.0160,2.550,0.000,0.000,0.0797,0.1340
0.0170,2.700,0.000,0.000,0.0805,0.1354
0.0180,2.850,0.000,0.000,0.0813,0.1368
0.0190,3.000,0.000,0.000,0.0821,0.1382
0.0200,3.150,0.000,0.000,0.0829,0.1396
0.0210,3.300,0.000,0.000,0.0837,0.1411
0.0220,3.450,0.000,0.000,0.0845,0.1426
0.0230,3.600,0.000,0.000,0.0853,0.1441
0.0240,3.750,0.000,0.000,0.0861,0.1456
0.0250,3.900,0.000,0.130,0.0869,0.1471
0.0260,4.050,0.000,0.267,0.0877,0.1486
0.0270,4.200,0.000,0.411,0.0885,0.1502
0.0280,4.350,0.000,0.562,0.0893,0.1518
0.0290,4.500,0.000,0.720,0.0901,0.1534
0.0300,4.650,0.000,0.884,0.0909,0.1550
0.0310,4.800,0.000,1.055,0.0917,0.1566
0.0320,4.950,0.000,1.233,0.0925,0.1582
0.0330,5.100,0.000,1.416,0.0933,0.1599
0.0340,5.250,0.000,1.606,0.0941,0.1615
0.0350,5.400,0.000,1.801,0.0949,0.1632
0.0360,5.550,0.000,2.002,0.0957,0.1649
0.0370,5.700,0.000,2.209,0.0965,0.1666
0.0380,5.850,0.000,2.421,0.0973,0.1684
0.0390,6.000,0.000,2.639,0.0981,0.1701
0.0400,6.150,0.000,2.862,0.0989,0.1719
0.0410,6.300,0.000,3.090,0.0997,0.1737
0.0420,6.450,0.000,3.323,0.1005,0.1755
0.0430,6.600,0.000,3.561,0.1013,0.1773
0.0440,6.750,0.000,3.804,0.1021,0.1791
0.0450,6.900,0.000,4.052,0.1029,0.1810
0.0460,7.050,0.000,4.305,0.1037,0.1828
0.0470,7.200,0.000,4.562,0.1045,0.1847
0.0480,7.350,0.000,4.824,0.1053,0.1866
0.0490,7.500,0.000,5.091,0.1061,0.1885
0.0500,7.650,0.000,5.362,0.1070,0.1904
0.0510,7.800,0.000,5.637,0.1078,0.1924
0.0520,7.950,0.000,5.917,0.1086,0.1943
0.0530,8.100,0.000,6.201,0.1094,0.1963
0.0540,8.250,0.000,6.489,0.1102,0.1983
0.0550,8.400,0.000,6.781,0.1110,0.2003
0.0560,8.550,0.000,7.078,0.1118,0.2023
0.0570,8.700,0.000,7.378,0.1126,0.2043
0.0580,8.850,0.000,7.683,0.1134,0.1954
0.0590,9.000,0.000,7.897,0.1142,0.1970
0.0600,9.150,0.000,8.114,0.1150,0.1985
0.0610,9.300,0.000,8.335,0.1158,0.2001
0.0620,9.450,0.000,8.559,0.1166,0.2016
0.0630,9.600,0.000,8.787,0.1174,0.2032
0.0640,9.750,0.000,9.017,0.1182,0.2048
0.0650,9.900,0.000,9.252,0.1190,0.2064
0.0660,10.050,0.000,9.489,0.1198,0.2081
0.0670,10.200,0.000,9.730,0.1206,0.2076
0.0680,10.350,0.000,9.956,0.1214,0.2091
0.0690,10.500,0.000,10.185,0.1222,0.2107
0.0700,10.650,0.000,10.417,0.1230,0.2123
0.0710,10.800,0.000,10.652,0.1238,0.2139
0.0720,10.950,0.000,10.891,0.1246,0.2131
0.0730,11.100,0.000,11.111,0.1254,0.2146
0.0740,11.250,0.000,11.335,0.1262,0.2161
0.0750,11.400,0.000,11.562,0.1270,0.2177
0.0760,11.550,0.000,11.791,0.1278,0.2192
0.0770,11.700,0.000,12.024,0.1286,0.2208
0.0780,11.850,0.000,12.260,0.1294,0.2205
0.0790,12.000,0.000,12.482,0.1302,0.2221
0.0800,12.150,0.000,12.708,0.1310,0.2236
0.0810,12.300,0.000,12.937,0.1318,0.2252
0.0820,12.450,0.000,13.168,0.1326,0.2267
0.0830,12.600,0.000,13.403,0.1334,0.2283
0.0840,12.750,0.000,13.640,0.1342,0.2249
0.0850,12.900,0.000,13.838,0.1350,0.2263
0.0860,13.050,0.000,14.038,0.1358,0.2277
0.0870,13.200,0.000,14.241,0.1366,0.2291
0.0880,13.350,0.000,14.447,0.1374,0.2305
0.0890,13.500,0.000,14.656,0.1382,0.2285
0.0900,13.650,0.000,14.837,0.1390,0.2297
0.0910,13.800,0.000,15.022,0.1398,0.2310
0.0920,13.950,0.000,15.208,0.1406,0.2323
0.0930,14.100,0.000,15.398,0.1414,0.2314
0.0940,14.250,0.000,15.570,0.1422,0.2326
0.0950,14.400,0.000,15.746,0.1430,0.2338
0.0960,14.550,0.128,15.923,0.1439,0.2351
0.0970,14.700,0.257,16.104,0.1447,0.2343
0.0980,14.850,0.387,16.269,0.1455,0.2355
0.0990,15.000,0.518,16.437,0.1463,0.2367
0.1000,15.000,0.650,16.607,0.1302,0.2207
0.1010,15.000,0.638,16.632,0.1302,0.2186
0.1020,15.000,0.626,16.637,0.1302,0.2186
0.1030,15.000,0.615,16.642,0.1302,0.2186
0.1040,15.000,0.604,16.647,0.1302,0.2186
0.1050,15.000,0.594,16.650,0.1302,0.2185
0.1060,15.000,0.585,16.654,0.1302,0.2169
0.1070,15.000,0.575,16.642,0.1302,0.2168
0.1080,15.000,0.566,16.630,0.1302,0.2167
0.1090,15.000,0.558,16.618,0.1302,0.2157
0.1100,15.000,0.550,16.598,0.1302,0.2156
0.1110,15.000,0.542,16.577,0.1302,0.2155
0.1120,15.000,0.535,16.556,0.1302,0.2153
0.1130,15.000,0.527,16.534,0.1302,0.2147
0.1140,15.000,0.521,16.507,0.1302,0.2145
0.1150,15.000,0.514,16.481,0.1302,0.2144
0.1160,15.000,0.508,16.453,0.1302,0.2142
0.1170,15.000,0.502,16.426,0.1302,0.2140
0.1180,15.000,0.496,16.397,0.1302,0.2138
0.1190,15.000,0.491,16.368,0.1302,0.2136
0.1200,15.000,0.486,16.338,0.1302,0.2135
0.1210,15.000,0.481,16.308,0.1302,0.2133
0.1220,15.000,0.476,16.278,0.1302,0.2133
0.1230,15.000,0.471,16.249,0.1302,0.2131
0.1240,15.000,0.467,16.219,0.1302,0.2129
0.1250,15.000,0.463,16.189,0.1302,0.2128
0.1260,15.000,0.459,16.159,0.1302,0.2128
0.1270,15.000,0.455,16.130,0.1302,0.2127
0.1280,15.000,0.451,16.101,0.1302,0.2125
0.1290,15.000,0.448,16.072,0.1302,0.2126
0.1300,15.000,0.445,16.045,0.1302,0.2124
0.1310,15.000,0.441,16.017,0.1302,0.2123
0.1320,15.000,0.438,15.989,0.1302,0.2122
0.1330,15.000,0.435,15.961,0.1302,0.2120
0.1340,15.000,0.433,15.933,0.1302,0.2122
0.1350,15.000,0.430,15.907,0.1302,0.2120
0.1360,15.000,0.427,15.881,0.1302,0.2119
0.1370,15.000,0.425,15.855,0.1302,0.2118
0.1380,15.000,0.423,15.829,0.1302,0.2117
0.1390,15.000,0.420,15.803,0.1302,0.2118
0.1400,15.000,0.418,15.779,0.1302,0.2117
0.1410,15.000,0.416,15.755,0.1302,0.2116
0.1420,15.000,0.414,15.731,0.1302,0.2117
0.1430,15.000,0.412,15.708,0.1302,0.2116
0.1440,15.000,0.410,15.686,0.1302,0.2115
0.1450,15.000,0.409,15.663,0.1302,0.2114
0.1460,15.000,0.407,15.641,0.1302,0.2115
0.1470,15.000,0.405,15.620,0.1302,0.2114
0.1480,15.000,0.404,15.599,0.1302,0.2113
0.1490,15.000,0.402,15.578,0.1302,0.2112
0.1500,15.000,0.401,15.557,0.1302,0.2111
0.1510,15.000,0.400,15.536,0.1302,0.2113
0.1520,15.000,0.398,15.517,0.1302,0.2112
0.1530,15.000,0.397,15.497,0.1302,0.2111
0.1540,15.000,0.396,15.478,0.1302,0.2110
0.1550,15.000,0.395,15.459,0.1302,0.2110
0.1560,15.000,0.394,15.440,0.1302,0.2111
0.1570,15.000,0.393,15.423,0.1302,0.2110
0.1580,15.000,0.392,15.406,0.1302,0.2110
0.1590,15.000,0.391,15.388,0.1302,0.2109
0.1600,15.000,0.390,15.371,0.1302,0.2110
0.1610,15.000,0.389,15.355,0.1302,0.2109
0.1620,15.000,0.388,15.339,0.1302,0.2109
0.1630,15.000,0.387,15.324,0.1302,0.2108
0.1640,15.000,0.386,15.308,0.1302,0.2109
0.1650,15.000,0.386,15.293,0.1302,0.2109
0.1660,15.000,0.385,15.279,0.1302,0.2108
0.1670,15.000,0.384,15.264,0.1302,0.2108
0.1680,15.000,0.383,15.250,0.1302,0.2109
0.1690,15.000,0.383,15.237,0.1302,0.2109
0.1700,15.000,0.382,15.224,0.1302,0.2108
0.1710,15.000,0.382,15.211,0.1302,0.2108
0.1720,15.000,0.381,15.198,0.1302,0.2107
0.1730,15.000,0.380,15.185,0.1302,0.2109
0.1740,15.000,0.380,15.174,0.1302,0.2108
0.1750,15.000,0.379,15.163,0.1302,0.2108
0.1760,15.000,0.379,15.152,0.1302,0.2108
0.1770,15.000,0.378,15.141,0.1302,0.2109
0.1780,15.000,0.378,15.131,0.1302,0.2108
0.1790,15.000,0.377,15.121,0.1302,0.2108
0.1800,15.000,0.377,15.111,0.1302,0.2108
0.1810,15.000,0.377,15.101,0.1302,0.2109
0.1820,15.000,0.376,15.091,0.1302,0.2108
0.1830,15.000,0.376,15.082,0.1302,0.2108
0.1840,15.000,0.375,15.073,0.1302,0.2108
0.1850,15.000,0.375,15.064,0.1302,0.2108
0.1860,15.000,0.375,15.055,0.1302,0.2109
0.1870,15.000,0.374,15.048,0.1302,0.2109
0.1880,15.000,0.374,15.040,0.1302,0.2109
0.1890,15.000,0.374,15.032,0.1302,0.2108
0.1900,15.000,0.373,15.025,0.1302,0.2108
0.1910,15.000,0.373,15.017,0.1302,0.2109
0.1920,15.000,0.373,15.010,0.1302,0.2109
0.1930,15.000,0.372,15.003,0.1302,0.2109
0.1940,15.000,0.372,14.997,0.1302,0.2109
0.1950,15.000,0.372,14.990,0.1302,0.2109
0.1960,15.000,0.371,14.984,0.1302,0.2109
0.1970,15.000,0.371,14.977,0.1302,0.2109
0.1980,15.000,0.371,14.971,0.1302,0.2109
0.1990,15.000,0.371,14.965,0.1302,0.2110
0.2000,15.000,0.370,14.960,0.1302,0.2110
0.2010,15.000,0.370,14.955,0.1302,0.2110
0.2020,15.000,0.370,14.950,0.1302,0.2110
0.2030,15.000,0.370,14.945,0.1302,0.2110
0.2040,15.000,0.370,14.940,0.1302,0.2110
0.2050,15.000,0.369,14.935,0.1302,0.2110
0.2060,15.000,0.369,14.930,0.1302,0.2110
0.2070,15.000,0.369,14.925,0.1302,0.2110
0.2080,15.000,0.369,14.921,0.1302,0.2110
0.2090,15.000,0.369,14.916,0.1302,0.2111
0.2100,15.000,0.368,14.912,0.1302,0.2111
0.2110,15.000,0.368,14.908,0.1302,0.2111
0.2120,15.000,0.368,14.904,0.1302,0.2111
0.2130,15.000,0.368,14.900,0.1302,0.2112
0.2140,15.000,0.368,14.897,0.1302,0.2112
0.2150,15.000,0.367,14.894,0.1302,0.2112
0.2160,15.000,0.367,14.890,0.1302,0.2112
0.2170,15.000,0.367,14.887,0.1302,0.2112
0.2180,15.000,0.367,14.884,0.1302,0.2112
0.2190,15.000,0.367,14.881,0.1302,0.2112
0.2200,15.000,0.367,14.877,0.1302,0.2112
0.2210,15.000,0.366,14.874,0.1302,0.2112
0.2220,15.000,0.366,14.871,0.1302,0.2113
0.2230,15.000,0.366,14.869,0.1302,0.2113
0.2240,15.000,0.366,14.866,0.1302,0.2113
0.2250,15.000,0.366,14.864,0.1302,0.2113
0.2260,15.000,0.366,14.861,0.1302,0.2114
0.2270,15.000,0.365,14.859,0.1302,0.2114
0.2280,15.000,0.365,14.856,0.1302,0.2114
0.2290,15.000,0.365,14.854,0.1302,0.2114
0.2300,15.000,0.365,14.852,0.1302,0.2114
0.2310,15.000,0.365,14.850,0.1302,0.2115
0.2320,15.000,0.365,14.848,0.1302,0.2115
0.2330,15.000,0.365,14.846,0.1302,0.2115
0.2340,15.000,0.364,14.844,0.1302,0.2115
0.2350,15.000,0.364,14.842,0.1302,0.2116
0.2360,15.000,0.364,14.841,0.1302,0.2116
0.2370,15.000,0.364,14.839,0.1302,0.2116
0.2380,15.000,0.364,14.838,0.1302,0.2116
0.2390,15.000,0.364,14.836,0.1302,0.2116
0.2400,15.000,0.364,14.835,0.1302,0.2117
0.2410,15.000,0.363,14.834,0.1302,0.2117
0.2420,15.000,0.363,14.832,0.1302,0.2117
0.2430,15.000,0.363,14.831,0.1302,0.2117
0.2440,15.000,0.363,14.830,0.1302,0.2117
0.2450,15.000,0.363,14.828,0.1302,0.2118
0.2460,15.000,0.363,14.828,0.1302,0.2118
0.2470,15.000,0.363,14.827,0.1302,0.2118
0.2480,15.000,0.363,14.826,0.1302,0.2118
0.2490,15.000,0.362,14.825,0.1302,0.2118
0.2500,15.000,0.362,14.824,0.1302,0.2119
0.2510,15.000,0.362,14.823,0.1302,0.2119
0.2520,15.000,0.362,14.822,0.1302,0.2119
0.2530,15.000,0.362,14.821,0.1302,0.2119
0.2540,15.000,0.362,14.820,0.1302,0.2119
0.2550,15.000,0.362,14.819,0.1302,0.2119
0.2560,15.000,0.362,14.818,0.1302,0.2120
0.2570,15.000,0.361,14.817,0.1302,0.2120
0.2580,15.000,0.361,14.817,0.1302,0.2120
0.2590,15.000,0.361,14.816,0.1302,0.2120
0.2600,15.000,0.361,14.815,0.1302,0.2120
0.2610,15.000,0.361,14.814,0.1302,0.2120
0.2620,15.000,0.361,14.813,0.1302,0.2121
0.2630,15.000,0.361,14.812,0.1302,0.2121
0.2640,15.000,0.361,14.812,0.1302,0.2121
0.2650,15.000,0.361,14.811,0.1302,0.2122
0.2660,15.000,0.360,14.811,0.1302,0.2122
0.2670,15.000,0.360,14.810,0.1302,0.2122
0.2680,15.000,0.360,14.810,0.1302,0.2123
0.2690,15.000,0.360,14.810,0.1302,0.2123
0.2700,15.000,0.360,14.810,0.1302,0.2123
0.2710,15.000,0.360,14.810,0.1302,0.2123
0.2720,15.000,0.360,14.809,0.1302,0.2123
0.2730,15.000,0.360,14.809,0.1302,0.2123
0.2740,15.000,0.360,14.808,0.1302,0.2123
0.2750,15.000,0.359,14.808,0.1302,0.2124
0.2760,15.000,0.359,14.807,0.1302,0.2124
0.2770,15.000,0.359,14.807,0.1302,0.2124
0.2780,15.000,0.359,14.807,0.1302,0.2125
0.2790,15.000,0.359,14.807,0.1302,0.2125
0.2800,15.000,0.359,14.807,0.1302,0.2125
0.2810,15.000,0.359,14.807,0.1302,0.2125
0.2820,15.000,0.359,14.806,0.1302,0.2125
0.2830,15.000,0.358,14.806,0.1302,0.2125
0.2840,15.000,0.358,14.806,0.1302,0.2125
0.2850,15.000,0.358,14.805,0.1302,0.2126
0.2860,15.000,0.358,14.805,0.1302,0.2126
0.2870,15.000,0.358,14.805,0.1302,0.2126
0.2880,15.000,0.358,14.804,0.1302,0.2126
0.2890,15.000,0.358,14.804,0.1302,0.2127
0.2900,15.000,0.358,14.804,0.1302,0.2127
0.2910,15.000,0.358,14.804,0.1302,0.2127
0.2920,15.000,0.357,14.804,0.1302,0.2127
0.2930,15.000,0.357,14.804,0.1302,0.2128
0.2940,15.000,0.357,14.803,0.1302,0.2128
0.2950,15.000,0.357,14.803,0.1302,0.2128
0.2960,15.000,0.357,14.803,0.1302,0.2128
0.2970,15.000,0.357,14.803,0.1302,0.2128
0.2980,15.000,0.357,14.803,0.1302,0.2129
0.2990,15.000,0.357,14.803,0.1302,0.2129
0.3000,15.000,0.357,14.803,0.1302,0.2129
0.3010,15.000,0.356,14.803,0.1302,0.2129
0.3020,15.000,0.356,14.803,0.1302,0.2129
0.3030,15.000,0.356,14.803,0.1302,0.2130
0.3040,15.000,0.356,14.803,0.1302,0.2130
0.3050,15.000,0.356,14.803,0.1302,0.2130
0.3060,15.000,0.356,14.803,0.1302,0.2130
0.3070,15.000,0.356,14.803,0.1302,0.2131
0.3080,15.000,0.356,14.803,0.1302,0.2131
0.3090,15.000,0.356,14.803,0.1302,0.2131
0.3100,15.000,0.356,14.803,0.1302,0.2131
0.3110,15.000,0.355,14.803,0.1302,0.2131
0.3120,15.000,0.355,14.803,0.1302,0.2132
0.3130,15.000,0.355,14.803,0.1302,0.2132
0.3140,15.000,0.355,14.803,0.1302,0.2132
0.3150,15.000,0.355,14.803,0.1302,0.2132
0.3160,15.000,0.355,14.803,0.1302,0.2132
0.3170,15.000,0.355,14.803,0.1302,0.2133
0.3180,15.000,0.355,14.803,0.1302,0.2133
0.3190,15.000,0.355,14.803,0.1302,0.2133
0.3200,15.000,0.354,14.803,0.1302,0.2133
0.3210,15.000,0.354,14.803,0.1302,0.2133
0.3220,15.000,0.354,14.803,0.1302,0.2134
0.3230,15.000,0.354,14.803,0.1302,0.2134
0.3240,15.000,0.354,14.803,0.1302,0.2134
0.3250,15.000,0.354,14.803,0.1302,0.2134
0.3260,15.000,0.354,14.803,0.1302,0.2135
0.3270,15.000,0.354,14.803,0.1302,0.2135
0.3280,15.000,0.354,14.803,0.1302,0.2135
0.3290,15.000,0.353,14.803,0.1302,0.2135
0.3300,15.000,0.353,14.804,0.1302,0.2135
0.3310,15.000,0.353,14.804,0.1302,0.2136
0.3320,15.000,0.353,14.804,0.1302,0.2136
0.3330,15.000,0.353,14.804,0.1302,0.2136
0.3340,15.000,0.353,14.804,0.1302,0.2136
0.3350,15.000,0.353,14.804,0.1302,0.2136
0.3360,15.000,0.353,14.804,0.1302,0.2137
0.3370,15.000,0.353,14.804,0.1302,0.2137
0.3380,15.000,0.352,14.804,0.1302,0.2137
0.3390,15.000,0.352,14.804,0.1302,0.2137
0.3400,15.000,0.352,14.804,0.1302,0.2138
0.3410,15.000,0.352,14.804,0.1302,0.2138
0.3420,15.000,0.352,14.804,0.1302,0.2138
0.3430,15.000,0.352,14.804,0.1302,0.2138
0.3440,15.000,0.352,14.804,0.1302,0.2138
0.3450,15.000,0.352,14.804,0.1302,0.2139
0.3460,15.000,0.352,14.804,0.1302,0.2139
0.3470,15.000,0.352,14.805,0.1302,0.2139
0.3480,15.000,0.351,14.805,0.1302,0.2139
0.3490,15.000,0.351,14.804,0.1302,0.2139
0.3500,15.000,0.351,14.804,0.1302,0.2139
0.3510,15.000,0.351,14.804,0.1302,0.2139
0.3520,15.000,0.351,14.804,0.1302,0.2140
0.3530,15.000,0.351,14.803,0.1302,0.2140
0.3540,15.000,0.351,14.803,0.1302,0.2140
0.3550,15.000,0.351,14.803,0.1302,0.2141
0.3560,15.000,0.351,14.803,0.1302,0.2141
0.3570,15.000,0.350,14.804,0.1302,0.2141
0.3580,15.000,0.350,14.804,0.1302,0.2141
0.3590,15.000,0.350,14.804,0.1302,0.2141
0.3600,15.000,0.350,14.804,0.1302,0.2142
0.3610,15.000,0.350,14.804,0.1302,0.2142
0.3620,15.000,0.350,14.804,0.1302,0.2142
0.3630,15.000,0.350,14.804,0.1302,0.2142
0.3640,15.000,0.350,14.804,0.1302,0.2142
0.3650,15.000,0.350,14.804,0.1302,0.2143
0.3660,15.000,0.349,14.804,0.1302,0.2143
0.3670,15.000,0.349,14.804,0.1302,0.2143
0.3680,15.000,0.349,14.805,0.1302,0.2143
0.3690,15.000,0.349,14.805,0.1302,0.2144
0.3700,15.000,0.349,14.805,0.1302,0.2144
0.3710,15.000,0.349,14.805,0.1302,0.2144
0.3720,15.000,0.349,14.805,0.1302,0.2144
0.3730,15.000,0.349,14.805,0.1302,0.2144
0.3740,15.000,0.349,14.805,0.1302,0.2145
0.3750,15.000,0.349,14.805,0.1302,0.2145
0.3760,15.000,0.348,14.805,0.1302,0.2145
0.3770,15.000,0.348,14.806,0.1302,0.2145
0.3780,15.000,0.348,14.806,0.1302,0.2145
0.3790,15.000,0.348,14.806,0.1302,0.2146
0.3800,15.000,0.348,14.806,0.1302,0.2145
0.3810,15.000,0.348,14.806,0.1302,0.2146
0.3820,15.000,0.348,14.806,0.1302,0.2146
0.3830,15.000,0.348,14.805,0.1302,0.2146
0.3840,15.000,0.348,14.805,0.1302,0.2146
0.3850,15.000,0.347,14.805,0.1302,0.2147
0.3860,15.000,0.347,14.805,0.1302,0.2147
0.3870,15.000,0.347,14.805,0.1302,0.2147
0.3880,15.000,0.347,14.805,0.1302,0.2147
0.3890,15.000,0.347,14.805,0.1302,0.2148
0.3900,15.000,0.347,14.806,0.1302,0.2148
0.3910,15.000,0.347,14.806,0.1302,0.2148
0.3920,15.000,0.347,14.806,0.1302,0.2148
0.3930,15.000,0.347,14.806,0.1302,0.2149
0.3940,15.000,0.347,14.806,0.1302,0.2149
0.3950,15.000,0.346,14.806,0.1302,0.2149
0.3960,15.000,0.346,14.806,0.1302,0.2149
0.3970,15.000,0.346,14.807,0.1302,0.2149
0.3980,15.000,0.346,14.807,0.1302,0.2150
0.3990,15.000,0.346,14.807,0.1302,0.2150
0.4000,15.000,0.346,14.807,0.1302,0.2150
0.4010,15.000,0.346,14.807,0.1302,0.2150
0.4020,15.000,0.346,14.807,0.1302,0.2150
0.4030,15.000,0.346,14.807,0.1302,0.2151
0.4040,15.000,0.345,14.808,0.1302,0.2151
0.4050,15.000,0.345,14.808,0.1302,0.2151
0.4060,15.000,0.345,14.808,0.1302,0.2151
0.4070,15.000,0.345,14.808,0.1302,0.2151
0.4080,15.000,0.345,14.808,0.1302,0.2151
0.4090,15.000,0.345,14.808,0.1302,0.2152
0.4100,15.000,0.345,14.808,0.1302,0.2152
0.4110,15.000,0.345,14.808,0.1302,0.2152
0.4120,15.000,0.345,14.808,0.1302,0.2152
0.4130,15.000,0.345,14.808,0.1302,0.2152
0.4140,15.000,0.344,14.807,0.1302,0.2152
0.4150,15.000,0.344,14.807,0.1302,0.2153
0.4160,15.000,0.344,14.807,0.1302,0.2153
0.4170,15.000,0.344,14.807,0.1302,0.2153
0.4180,15.000,0.344,14.807,0.1302,0.2154
0.4190,15.000,0.344,14.808,0.1302,0.2154
0.4200,15.000,0.344,14.808,0.1302,0.2154
0.4210,15.000,0.344,14.808,0.1302,0.2154
0.4220,15.000,0.344,14.808,0.1302,0.2154
0.4230,15.000,0.343,14.808,0.1302,0.2155
0.4240,15.000,0.343,14.809,0.1302,0.2155
0.4250,15.000,0.343,14.809,0.1302,0.2155
0.4260,15.000,0.343,14.809,0.1302,0.2155
0.4270,15.000,0.343,14.809,0.1302,0.2156
0.4280,15.000,0.343,14.809,0.1302,0.2156
0.4290,15.000,0.343,14.809,0.1302,0.2156
0.4300,15.000,0.343,14.810,0.1302,0.2156
0.4310,15.000,0.343,14.810,0.1302,0.2156
0.4320,15.000,0.343,14.810,0.1302,0.2157
0.4330,15.000,0.342,14.810,0.1302,0.2157
0.4340,15.000,0.342,14.810,0.1302,0.2157
0.4350,15.000,0.342,14.810,0.1302,0.2157
0.4360,15.000,0.342,14.810,0.1302,0.2157
0.4370,15.000,0.342,14.810,0.1302,0.2157
0.4380,15.000,0.342,14.810,0.1302,0.2157
0.4390,15.000,0.342,14.810,0.1302,0.2158
0.4400,15.000,0.342,14.810,0.1302,0.2158
0.4410,15.000,0.342,14.810,0.1302,0.2158
0.4420,15.000,0.341,14.810,0.1302,0.2158
0.4430,15.000,0.341,14.809,0.1302,0.2158
0.4440,15.000,0.341,14.809,0.1302,0.2159
0.4450,15.000,0.341,14.810,0.1302,0.2159
0.4460,15.000,0.341,14.810,0.1302,0.2159
0.4470,15.000,0.341,14.810,0.1302,0.2160
0.4480,15.000,0.341,14.810,0.1302,0.2160
0.4490,15.000,0.341,14.810,0.1302,0.2160
0.4500,15.000,0.341,14.811,0.1302,0.2160
0.4510,15.000,0.341,14.811,0.1302,0.2160
0.4520,15.000,0.340,14.811,0.1302,0.2161
0.4530,15.000,0.340,14.811,0.1302,0.2161
0.4540,15.000,0.340,14.811,0.1302,0.2161
0.4550,15.000,0.340,14.812,0.1302,0.2161
0.4560,15.000,0.340,14.812,0.1302,0.2161
0.4570,15.000,0.340,14.812,0.1302,0.2162
0.4580,15.000,0.340,14.812,0.1302,0.2162
0.4590,15.000,0.340,14.813,0.1302,0.2162
0.4600,15.000,0.340,14.813,0.1302,0.2162
0.4610,15.000,0.339,14.813,0.1302,0.2163
0.4620,15.000,0.339,14.813,0.1302,0.2162
0.4630,15.000,0.339,14.813,0.1302,0.2163
0.4640,15.000,0.339,14.813,0.1302,0.2163
0.4650,15.000,0.339,14.813,0.1302,0.2163
0.4660,15.000,0.339,14.813,0.1302,0.2163
0.4670,15.000,0.339,14.813,0.1302,0.2163
0.4680,15.000,0.339,14.813,0.1302,0.2164
0.4690,15.000,0.339,14.813,0.1302,0.2164
0.4700,15.000,0.339,14.813,0.1302,0.2164
0.4710,15.000,0.338,14.813,0.1302,0.2164
0.4720,15.000,0.338,14.813,0.1302,0.2164
0.4730,15.000,0.338,14.813,0.1302,0.2165
0.4740,15.000,0.338,14.812,0.1302,0.2165
0.4750,15.000,0.338,14.812,0.1302,0.2165
0.4760,15.000,0.338,14.812,0.1302,0.2165
0.4770,15.000,0.338,14.812,0.1302,0.2165
0.4780,15.000,0.338,14.812,0.1302,0.2166
0.4790,15.000,0.338,14.812,0.1302,0.2166
0.4800,15.000,0.338,14.812,0.1302,0.2166
0.4810,15.000,0.337,14.812,0.1302,0.2166
0.4820,15.000,0.337,14.812,0.1302,0.2166
0.4830,15.000,0.337,14.812,0.1302,0.2166
0.4840,15.000,0.337,14.812,0.1302,0.2167
0.4850,15.000,0.337,14.812,0.1302,0.2167
0.4860,15.000,0.337,14.812,0.1302,0.2167
0.4870,15.000,0.337,14.812,0.1302,0.2167
0.4880,15.000,0.337,14.812,0.1302,0.2168
0.4890,15.000,0.337,14.812,0.1302,0.2168
0.4900,15.000,0.337,14.812,0.1302,0.2168
0.4910,15.000,0.336,14.812,0.1302,0.2168
0.4920,15.000,0.336,14.813,0.1302,0.2169
0.4930,15.000,0.336,14.813,0.1302,0.2169
0.4940,15.000,0.336,14.813,0.1302,0.2169
0.4950,15.000,0.336,14.813,0.1302,0.2169
0.4960,15.000,0.336,14.814,0.1302,0.2169
0.4970,15.000,0.336,14.814,0.1302,0.2170
0.4980,15.000,0.336,14.814,0.1302,0.2170
0.4990,15.000,0.336,14.815,0.1302,0.2170
0.5000,15.000,0.335,14.815,0.1302,0.2170
0.5010,15.000,0.335,14.815,0.1302,0.2171
0.5020,15.000,0.335,14.815,0.1302,0.2171
0.5030,15.000,0.335,14.816,0.1302,0.2171
0.5040,15.000,0.335,14.816,0.1302,0.2171
0.5050,15.000,0.335,14.816,0.1302,0.2171
0.5060,15.000,0.335,14.817,0.1302,0.2171
0.5070,15.000,0.335,14.817,0.1302,0.2171
0.5080,15.000,0.335,14.817,0.1302,0.2172
0.5090,15.000,0.335,14.817,0.1302,0.2172
0.5100,15.000,0.334,14.817,0.1302,0.2172
0.5110,15.000,0.334,14.817,0.1302,0.2172
0.5120,15.000,0.334,14.817,0.1302,0.2172
0.5130,15.000,0.334,14.816,0.1302,0.2173
0.5140,15.000,0.334,14.816,0.1302,0.2173
0.5150,15.000,0.334,14.816,0.1302,0.2173
0.5160,15.000,0.334,14.816,0.1302,0.2173
0.5170,15.000,0.334,14.816,0.1302,0.2173
0.5180,15.000,0.334,14.816,0.1302,0.2174
0.5190,15.000,0.334,14.816,0.1302,0.2174
0.5200,15.000,0.333,14.816,0.1302,0.2174
0.5210,15.000,0.333,14.816,0.1302,0.2174
0.5220,15.000,0.333,14.816,0.1302,0.2174
0.5230,15.000,0.333,14.816,0.1302,0.2175
0.5240,15.000,0.333,14.816,0.1302,0.2175
0.5250,15.000,0.333,14.816,0.1302,0.2175
0.5260,15.000,0.333,14.816,0.1302,0.2175
0.5270,15.000,0.333,14.816,0.1302,0.2175
0.5280,15.000,0.333,14.816,0.1302,0.2176
0.5290,15.000,0.333,14.817,0.1302,0.2176
0.5300,15.000,0.332,14.817,0.1302,0.2176
0.5310,15.000,0.332,14.817,0.1302,0.2176
0.5320,15.000,0.332,14.817,0.1302,0.2176
0.5330,15.000,0.332,14.817,0.1302,0.2176
0.5340,15.000,0.332,14.817,0.1302,0.2177
0.5350,15.000,0.332,14.817,0.1302,0.2177
0.5360,15.000,0.332,14.817,0.1302,0.2177
0.5370,15.000,0.332,14.817,0.1302,0.2177
0.5380,15.000,0.332,14.817,0.1302,0.2177
0.5390,15.000,0.332,14.817,0.1302,0.2178
0.5400,15.000,0.331,14.817,0.1302,0.2178
0.5410,15.000,0.331,14.817,0.1302,0.2178
0.5420,15.000,0.331,14.817,0.1302,0.2178
0.5430,15.000,0.331,14.817,0.1302,0.2178
0.5440,15.000,0.331,14.817,0.1302,0.2179
0.5450,15.000,0.331,14.817,0.1302,0.2179
0.5460,15.000,0.331,14.817,0.1302,0.2179
0.5470,15.000,0.331,14.817,0.1302,0.2179
0.5480,15.000,0.331,14.817,0.1302,0.2179
0.5490,15.000,0.331,14.817,0.1302,0.2180
0.5500,15.000,0.330,14.817,0.1302,0.2180
0.5510,15.000,0.330,14.817,0.1302,0.2180
0.5520,15.000,0.330,14.817,0.1302,0.2180
0.5530,15.000,0.330,14.817,0.1302,0.2180
0.5540,15.000,0.330,14.817,0.1302,0.2181
0.5550,15.000,0.330,14.817,0.1302,0.2181
0.5560,15.000,0.330,14.817,0.1302,0.2181
0.5570,15.000,0.330,14.817,0.1302,0.2181
0.5580,15.000,0.330,14.817,0.1302,0.2181
0.5590,15.000,0.330,14.817,0.1302,0.2182
0.5600,15.000,0.329,14.817,0.1302,0.2182
0.5610,15.000,0.329,14.817,0.1302,0.2182
0.5620,15.000,0.329,14.818,0.1302,0.2182
0.5630,15.000,0.329,14.818,0.1302,0.2183
0.5640,15.000,0.329,14.818,0.1302,0.2183
0.5650,15.000,0.329,14.819,0.1302,0.2183
0.5660,15.000,0.329,14.819,0.1302,0.2183
0.5670,15.000,0.329,14.819,0.1302,0.2183
0.5680,15.000,0.329,14.819,0.1302,0.2183
0.5690,15.000,0.329,14.819,0.1302,0.2184
0.5700,15.000,0.328,14.819,0.1302,0.2184
0.5710,15.000,0.328,14.819,0.1302,0.2184
0.5720,15.000,0.328,14.820,0.1302,0.2184
0.5730,15.000,0.328,14.820,0.1302,0.2184
0.5740,15.000,0.328,14.820,0.1302,0.2185
0.5750,15.000,0.328,14.820,0.1302,0.2185
0.5760,15.000,0.328,14.820,0.1302,0.2185
0.5770,15.000,0.328,14.820,0.1302,0.2185
0.5780,15.000,0.328,14.820,0.1302,0.2185
0.5790,15.000,0.328,14.820,0.1302,0.2185
0.5800,15.000,0.327,14.820,0.1302,0.2186
0.5810,15.000,0.327,14.820,0.1302,0.2186
0.5820,15.000,0.327,14.820,0.1302,0.2186
0.5830,15.000,0.327,14.820,0.1302,0.2186
0.5840,15.000,0.327,14.820,0.1302,0.2186
0.5850,15.000,0.327,14.821,0.1302,0.2187
0.5860,15.000,0.327,14.821,0.1302,0.2187
0.5870,15.000,0.327,14.821,0.1302,0.2187
0.5880,15.000,0.327,14.821,0.1302,0.2187
0.5890,15.000,0.327,14.821,0.1302,0.2187
0.5900,15.000,0.326,14.821,0.1302,0.2188
0.5910,15.000,0.326,14.821,0.1302,0.2188
0.5920,15.000,0.326,14.821,0.1302,0.2188
0.5930,15.000,0.326,14.821,0.1302,0.2188
0.5940,15.000,0.326,14.821,0.1302,0.2188
0.5950,15.000,0.326,14.821,0.1302,0.2189
0.5960,15.000,0.326,14.822,0.1302,0.2189
0.5970,15.000,0.326,14.822,0.1302,0.2189
0.5980,15.000,0.326,14.821,0.1302,0.2189
0.5990,15.000,0.326,14.821,0.1302,0.2189
0.6000,15.000,0.325,14.821,0.1302,0.2189
0.6010,15.000,0.325,14.821,0.1302,0.2189
0.6020,15.000,0.325,14.821,0.1302,0.2190
0.6030,15.000,0.325,14.821,0.1302,0.2190
0.6040,15.000,0.325,14.821,0.1302,0.2190
0.6050,15.000,0.325,14.821,0.1302,0.2190
0.6060,15.000,0.325,14.821,0.1302,0.2191
0.6070,15.000,0.325,14.821,0.1302,0.2191
0.6080,15.000,0.325,14.821,0.1302,0.2191
0.6090,15.000,0.325,14.821,0.1302,0.2191
0.6100,15.000,0.324,14.821,0.1302,0.2191
0.6110,15.000,0.324,14.822,0.1302,0.2192
0.6120,15.000,0.324,14.822,0.1302,0.2192
0.6130,15.000,0.324,14.822,0.1302,0.2192
0.6140,15.000,0.324,14.822,0.1302,0.2192
0.6150,15.000,0.324,14.822,0.1302,0.2192
0.6160,15.000,0.324,14.822,0.1302,0.2193
0.6170,15.000,0.324,14.822,0.1302,0.2193
0.6180,15.000,0.324,14.822,0.1302,0.2193
0.6190,15.000,0.324,14.823,0.1302,0.2193
0.6200,15.000,0.323,14.823,0.1302,0.2193
0.6210,15.000,0.323,14.823,0.1302,0.2194
0.6220,15.000,0.323,14.823,0.1302,0.2194
0.6230,15.000,0.323,14.823,0.1302,0.2194
0.6240,15.000,0.323,14.823,0.1302,0.2194
0.6250,15.000,0.323,14.823,0.1302,0.2194
0.6260,15.000,0.323,14.824,0.1302,0.2195
0.6270,15.000,0.323,14.824,0.1302,0.2195
0.6280,15.000,0.323,14.824,0.1302,0.2195
0.6290,15.000,0.323,14.824,0.1302,0.2195
0.6300,15.000,0.322,14.824,0.1302,0.2195
0.6310,15.000,0.322,14.824,0.1302,0.2195
0.6320,15.000,0.322,14.824,0.1302,0.2196
0.6330,15.000,0.322,14.825,0.1302,0.2196
0.6340,15.000,0.322,14.825,0.1302,0.2196
0.6350,15.000,0.322,14.825,0.1302,0.2196
0.6360,15.000,0.322,14.825,0.1302,0.2196
0.6370,15.000,0.322,14.825,0.1302,0.2197
0.6380,15.000,0.322,14.825,0.1302,0.2196
0.6390,15.000,0.322,14.825,0.1302,0.2197
0.6400,15.000,0.321,14.825,0.1302,0.2197
0.6410,15.000,0.321,14.825,0.1302,0.2197
0.6420,15.000,0.321,14.825,0.1302,0.2197
0.6430,15.000,0.321,14.825,0.1302,0.2198
0.6440,15.000,0.321,14.825,0.1302,0.2198
0.6450,15.000,0.321,14.825,0.1302,0.2198
0.6460,15.000,0.321,14.825,0.1302,0.2198
0.6470,15.000,0.321,14.825,0.1302,0.2198
0.6480,15.000,0.321,14.825,0.1302,0.2198
0.6490,15.000,0.321,14.825,0.1302,0.2198
0.6500,15.000,0.321,14.825,0.1302,0.2199
0.6510,15.000,0.320,14.825,0.1302,0.2199
0.6520,15.000,0.320,14.825,0.1302,0.2199
0.6530,15.000,0.320,14.825,0.1302,0.2200
0.6540,15.000,0.320,14.825,0.1302,0.2200
0.6550,15.000,0.320,14.825,0.1302,0.2200
0.6560,15.000,0.320,14.825,0.1302,0.2200
0.6570,15.000,0.320,14.826,0.1302,0.2200
0.6580,15.000,0.320,14.826,0.1302,0.2201
0.6590,15.000,0.320,14.826,0.1302,0.2201
0.6600,15.000,0.320,14.826,0.1302,0.2201
0.6610,15.000,0.319,14.826,0.1302,0.2201
0.6620,15.000,0.319,14.826,0.1302,0.2201
0.6630,15.000,0.319,14.826,0.1302,0.2201
0.6640,15.000,0.319,14.826,0.1302,0.2201
0.6650,15.000,0.319,14.826,0.1302,0.2202
0.6660,15.000,0.319,14.826,0.1302,0.2202
0.6670,15.000,0.319,14.826,0.1302,0.2202
0.6680,15.000,0.319,14.826,0.1302,0.2202
0.6690,15.000,0.319,14.827,0.1302,0.2202
0.6700,15.000,0.319,14.827,0.1302,0.2202
0.6710,15.000,0.318,14.826,0.1302,0.2203
0.6720,15.000,0.318,14.826,0.1302,0.2203
0.6730,15.000,0.318,14.826,0.1302,0.2203
0.6740,15.000,0.318,14.826,0.1302,0.2203
0.6750,15.000,0.318,14.826,0.1302,0.2204
0.6760,15.000,0.318,14.827,0.1302,0.2204
0.6770,15.000,0.318,14.827,0.1302,0.2204
0.6780,15.000,0.318,14.827,0.1302,0.2204
0.6790,15.000,0.318,14.827,0.1302,0.2204
0.6800,15.000,0.318,14.827,0.1302,0.2205
0.6810,15.000,0.318,14.828,0.1302,0.2205
0.6820,15.000,0.317,14.828,0.1302,0.2205
0.6830,15.000,0.317,14.828,0.1302,0.2205
0.6840,15.000,0.317,14.828,0.1302,0.2205
0.6850,15.000,0.317,14.828,0.1302,0.2205
0.6860,15.000,0.317,14.828,0.1302,0.2205
0.6870,15.000,0.317,14.828,0.1302,0.2206
0.6880,15.000,0.317,14.828,0.1302,0.2206
0.6890,15.000,0.317,14.828,0.1302,0.2206
0.6900,15.000,0.317,14.828,0.1302,0.2207
0.6910,15.000,0.317,14.829,0.1302,0.2207
0.6920,15.000,0.316,14.829,0.1302,0.2207
0.6930,15.000,0.316,14.829,0.1302,0.2207
0.6940,15.000,0.316,14.829,0.1302,0.2207
0.6950,15.000,0.316,14.829,0.1302,0.2207
0.6960,15.000,0.316,14.828,0.1302,0.2207
0.6970,15.000,0.316,14.828,0.1302,0.2207
0.6980,15.000,0.316,14.828,0.1302,0.2208
0.6990,15.000,0.316,14.828,0.1302,0.2208
0.7000,15.000,0.316,14.828,0.1302,0.2208
0.7010,15.000,0.316,14.828,0.1302,0.2208
0.7020,15.000,0.315,14.828,0.1302,0.2209
0.7030,15.000,0.315,14.829,0.1302,0.2209
0.7040,15.000,0.315,14.829,0.1302,0.2209
0.7050,15.000,0.315,14.829,0.1302,0.2209
0.7060,15.000,0.315,14.829,0.1302,0.2209
0.7070,15.000,0.315,14.829,0.1302,0.2209
0.7080,15.000,0.315,14.829,0.1302,0.2209
0.7090,15.000,0.315,14.829,0.1302,0.2210
0.7100,15.000,0.315,14.829,0.1302,0.2210
0.7110,15.000,0.315,14.829,0.1302,0.2210
0.7120,15.000,0.315,14.829,0.1302,0.2211
0.7130,15.000,0.314,14.829,0.1302,0.2211
0.7140,15.000,0.314,14.830,0.1302,0.2211
0.7150,15.000,0.314,14.830,0.1302,0.2211
0.7160,15.000,0.314,14.830,0.1302,0.2211
0.7170,15.000,0.314,14.830,0.1302,0.2211
0.7180,15.000,0.314,14.830,0.1302,0.2211
0.7190,15.000,0.314,14.830,0.1302,0.2211
0.7200,15.000,0.314,14.830,0.1302,0.2212
0.7210,15.000,0.314,14.830,0.1302,0.2212
0.7220,15.000,0.314,14.830,0.1302,0.2212
0.7230,15.000,0.313,14.830,0.1302,0.2212
0.7240,15.000,0.313,14.830,0.1302,0.2212
0.7250,15.000,0.313,14.830,0.1302,0.2213
0.7260,15.000,0.313,14.830,0.1302,0.2213
0.7270,15.000,0.313,14.829,0.1302,0.2213
0.7280,15.000,0.313,14.829,0.1302,0.2213
0.7290,15.000,0.313,14.829,0.1302,0.2213
0.7300,15.000,0.313,14.829,0.1302,0.2213
0.7310,15.000,0.313,14.829,0.1302,0.2214
0.7320,15.000,0.313,14.829,0.1302,0.2214
0.7330,15.000,0.313,14.829,0.1302,0.2214
0.7340,15.000,0.312,14.830,0.1302,0.2214
0.7350,15.000,0.312,14.830,0.1302,0.2215
0.7360,15.000,0.312,14.830,0.1302,0.2215
0.7370,15.000,0.312,14.830,0.1302,0.2215
0.7380,15.000,0.312,14.831,0.1302,0.2215
0.7390,15.000,0.312,14.831,0.1302,0.2215
0.7400,15.000,0.312,14.831,0.1302,0.2216
0.7410,15.000,0.312,14.832,0.1302,0.2216
0.7420,15.000,0.312,14.832,0.1302,0.2216
0.7430,15.000,0.312,14.832,0.1302,0.2216
0.7440,15.000,0.311,14.832,0.1302,0.2216
0.7450,15.000,0.311,14.833,0.1302,0.2217
0.7460,15.000,0.311,14.833,0.1302,0.2216
0.7470,15.000,0.311,14.833,0.1302,0.2217
0.7480,15.000,0.311,14.833,0.1302,0.2217
0.7490,15.000,0.311,14.833,0.1302,0.2217
0.7500,15.000,0.311,14.833,0.1302,0.2217
0.7510,15.000,0.311,14.833,0.1302,0.2217
0.7520,15.000,0.311,14.833,0.1302,0.2218
0.7530,15.000,0.311,14.833,0.1302,0.2218
0.7540,15.000,0.311,14.833,0.1302,0.2218
0.7550,15.000,0.310,14.833,0.1302,0.2218
0.7560,15.000,0.310,14.833,0.1302,0.2218
0.7570,15.000,0.310,14.833,0.1302,0.2218
0.7580,15.000,0.310,14.833,0.1302,0.2219
0.7590,15.000,0.310,14.833,0.1302,0.2219
0.7600,15.000,0.310,14.833,0.1302,0.2219
0.7610,15.000,0.310,14.833,0.1302,0.2219
0.7620,15.000,0.310,14.833,0.1302,0.2219
0.7630,15.000,0.310,14.833,0.1302,0.2219
0.7640,15.000,0.310,14.833,0.1302,0.2220
0.7650,15.000,0.309,14.833,0.1302,0.2220
0.7660,15.000,0.309,14.833,0.1302,0.2220
0.7670,15.000,0.309,14.833,0.1302,0.2220
0.7680,15.000,0.309,14.833,0.1302,0.2220
0.7690,15.000,0.309,14.833,0.1302,0.2221
0.7700,15.000,0.309,14.833,0.1302,0.2221
0.7710,15.000,0.309,14.833,0.1302,0.2221
0.7720,15.000,0.309,14.833,0.1302,0.2221
0.7730,15.000,0.309,14.833,0.1302,0.2221
0.7740,15.000,0.309,14.833,0.1302,0.2221
0.7750,15.000,0.309,14.833,0.1302,0.2222
0.7760,15.000,0.308,14.833,0.1302,0.2222
0.7770,15.000,0.308,14.833,0.1302,0.2222
0.7780,15.000,0.308,14.834,0.1302,0.2222
0.7790,15.000,0.308,14.834,0.1302,0.2222
0.7800,15.000,0.308,14.834,0.1302,0.2222
0.7810,15.000,0.308,14.834,0.1302,0.2223
0.7820,15.000,0.308,14.834,0.1302,0.2223
0.7830,15.000,0.308,14.834,0.1302,0.2223
0.7840,15.000,0.308,14.834,0.1302,0.2223
0.7850,15.000,0.308,14.834,0.1302,0.2223
0.7860,15.000,0.308,14.834,0.1302,0.2223
0.7870,15.000,0.307,14.834,0.1302,0.2224
0.7880,15.000,0.307,14.834,0.1302,0.2224
0.7890,15.000,0.307,14.834,0.1302,0.2224
0.7900,15.000,0.307,14.834,0.1302,0.2224
0.7910,15.000,0.307,14.834,0.1302,0.2224
0.7920,15.000,0.307,14.834,0.1302,0.2225
0.7930,15.000,0.307,14.834,0.1302,0.2225
0.7940,15.000,0.307,14.834,0.1302,0.2225
0.7950,15.000,0.307,14.834,0.1302,0.2225
0.7960,15.000,0.307,14.834,0.1302,0.2225
0.7970,15.000,0.306,14.834,0.1302,0.2225
0.7980,15.000,0.306,14.834,0.1302,0.2226
0.7990,15.000,0.306,14.835,0.1302,0.2226
0.8000,15.000,0.306,14.835,0.1302,0.2226
0.8010,15.000,0.306,14.835,0.1302,0.2226
0.8020,15.000,0.306,14.835,0.1302,0.2226
0.8030,15.000,0.306,14.835,0.1302,0.2226
0.8040,15.000,0.306,14.835,0.1302,0.2227
0.8050,15.000,0.306,14.835,0.1302,0.2227
0.8060,15.000,0.306,14.835,0.1302,0.2227
0.8070,15.000,0.306,14.835,0.1302,0.2227
0.8080,15.000,0.305,14.835,0.1302,0.2227
0.8090,15.000,0.305,14.835,0.1302,0.2228
0.8100,15.000,0.305,14.835,0.1302,0.2228
0.8110,15.000,0.305,14.835,0.1302,0.2228
0.8120,15.000,0.305,14.835,0.1302,0.2228
0.8130,15.000,0.305,14.836,0.1302,0.2228
0.8140,15.000,0.305,14.836,0.1302,0.2228
0.8150,15.000,0.305,14.836,0.1302,0.2229
0.8160,15.000,0.305,14.836,0.1302,0.2229
0.8170,15.000,0.305,14.836,0.1302,0.2229
0.8180,15.000,0.305,14.836,0.1302,0.2229
0.8190,15.000,0.304,14.836,0.1302,0.2230
0.8200,15.000,0.304,14.836,0.1302,0.2230
0.8210,15.000,0.304,14.837,0.1302,0.2230
0.8220,15.000,0.304,14.837,0.1302,0.2230
0.8230,15.000,0.304,14.838,0.1302,0.2230
0.8240,15.000,0.304,14.838,0.1302,0.2230
0.8250,15.000,0.304,14.838,0.1302,0.2230
0.8260,15.000,0.304,14.838,0.1302,0.2231
0.8270,15.000,0.304,14.838,0.1302,0.2231
0.8280,15.000,0.304,14.838,0.1302,0.2231
0.8290,15.000,0.304,14.839,0.1302,0.2231
0.8300,15.000,0.303,14.839,0.1302,0.2231
0.8310,15.000,0.303,14.839,0.1302,0.2232
0.8320,15.000,0.303,14.839,0.1302,0.2232
0.8330,15.000,0.303,14.839,0.1302,0.2232
0.8340,15.000,0.303,14.839,0.1302,0.2232
0.8350,15.000,0.303,14.839,0.1302,0.2232
0.8360,15.000,0.303,14.839,0.1302,0.2232
0.8370,15.000,0.303,14.840,0.1302,0.2232
0.8380,15.000,0.303,14.839,0.1302,0.2232
0.8390,15.000,0.303,14.839,0.1302,0.2233
0.8400,15.000,0.303,14.839,0.1302,0.2233
0.8410,15.000,0.302,14.839,0.1302,0.2233
0.8420,15.000,0.302,14.839,0.1302,0.2233
0.8430,15.000,0.302,14.839,0.1302,0.2234
0.8440,15.000,0.302,14.839,0.1302,0.2234
0.8450,15.000,0.302,14.839,0.1302,0.2234
0.8460,15.000,0.302,14.839,0.1302,0.2234
0.8470,15.000,0.302,14.839,0.1302,0.2234
0.8480,15.000,0.302,14.839,0.1302,0.2234
0.8490,15.000,0.302,14.840,0.1302,0.2235
0.8500,15.000,0.302,14.840,0.1302,0.2235
0.8510,15.000,0.302,14.840,0.1302,0.2235
0.8520,15.000,0.301,14.840,0.1302,0.2235
0.8530,15.000,0.301,14.840,0.1302,0.2235
0.8540,15.000,0.301,14.840,0.1302,0.2235
0.8550,15.000,0.301,14.840,0.1302,0.2236
0.8560,15.000,0.301,14.840,0.1302,0.2236
0.8570,15.000,0.301,14.841,0.1302,0.2236
0.8580,15.000,0.301,14.841,0.1302,0.2236
0.8590,15.000,0.301,14.841,0.1302,0.2236
0.8600,15.000,0.301,14.841,0.1302,0.2237
0.8610,15.000,0.301,14.841,0.1302,0.2237
0.8620,15.000,0.301,14.841,0.1302,0.2237
0.8630,15.000,0.300,14.842,0.1302,0.2237
0.8640,15.000,0.300,14.842,0.1302,0.2237
0.8650,15.000,0.300,14.842,0.1302,0.2237
0.8660,15.000,0.300,14.841,0.1302,0.2237
0.8670,15.000,0.300,14.841,0.1302,0.2237
0.8680,15.000,0.300,14.841,0.1302,0.2238
0.8690,15.000,0.300,14.841,0.1302,0.2238
0.8700,15.000,0.300,14.841,0.1302,0.2238
0.8710,15.000,0.300,14.842,0.1302,0.2238
0.8720,15.000,0.300,14.842,0.1302,0.2239
0.8730,15.000,0.299,14.842,0.1302,0.2239
0.8740,15.000,0.299,14.842,0.1302,0.2239
0.8750,15.000,0.299,14.842,0.1302,0.2239
0.8760,15.000,0.299,14.842,0.1302,0.2239
0.8770,15.000,0.299,14.843,0.1302,0.2239
0.8780,15.000,0.299,14.843,0.1302,0.2239
0.8790,15.000,0.299,14.843,0.1302,0.2239
0.8800,15.000,0.299,14.843,0.1302,0.2240
0.8810,15.000,0.299,14.842,0.1302,0.2240
0.8820,15.000,0.299,14.842,0.1302,0.2240
0.8830,15.000,0.299,14.842,0.1302,0.2240
0.8840,15.000,0.298,14.843,0.1302,0.2241
0.8850,15.000,0.298,14.843,0.1302,0.2241
0.8860,15.000,0.298,14.843,0.1302,0.2241
0.8870,15.000,0.298,14.843,0.1302,0.2241
0.8880,15.000,0.298,14.843,0.1302,0.2241
0.8890,15.000,0.298,14.843,0.1302,0.2241
0.8900,15.000,0.298,14.843,0.1302,0.2241
0.8910,15.000,0.298,14.842,0.1302,0.2241
0.8920,15.000,0.298,14.842,0.1302,0.2242
0.8930,15.000,0.298,14.842,0.1302,0.2242
0.8940,15.000,0.298,14.842,0.1302,0.2242
0.8950,15.000,0.298,14.842,0.1302,0.2242
0.8960,15.000,0.297,14.842,0.1302,0.2243
0.8970,15.000,0.297,14.842,0.1302,0.2243
0.8980,15.000,0.297,14.842,0.1302,0.2243
0.8990,15.000,0.297,14.842,0.1302,0.2243
0.9000,15.000,0.297,14.843,0.1302,0.2243
0.9010,15.000,0.297,14.843,0.1302,0.2243
0.9020,15.000,0.297,14.843,0.1302,0.2244
0.9030,15.000,0.297,14.843,0.1302,0.2244
0.9040,15.000,0.297,14.843,0.1302,0.2244
0.9050,15.000,0.297,14.844,0.1302,0.2244
0.9060,15.000,0.297,14.844,0.1302,0.2244
0.9070,15.000,0.296,14.844,0.1302,0.2244
0.9080,15.000,0.296,14.844,0.1302,0.2245
0.9090,15.000,0.296,14.844,0.1302,0.2245
0.9100,15.000,0.296,14.845,0.1302,0.2245
0.9110,15.000,0.296,14.845,0.1302,0.2245
0.9120,15.000,0.296,14.845,0.1302,0.2245
0.9130,15.000,0.296,14.845,0.1302,0.2246
0.9140,15.000,0.296,14.846,0.1302,0.2246
0.9150,15.000,0.296,14.846,0.1302,0.2246
0.9160,15.000,0.296,14.846,0.1302,0.2246
0.9170,15.000,0.296,14.846,0.1302,0.2246
0.9180,15.000,0.295,14.846,0.1302,0.2246
0.9190,15.000,0.295,14.846,0.1302,0.2246
0.9200,15.000,0.295,14.846,0.1302,0.2246
0.9210,15.000,0.295,14.846,0.1302,0.2247
0.9220,15.000,0.295,14.846,0.1302,0.2247
0.9230,15.000,0.295,14.846,0.1302,0.2247
0.9240,15.000,0.295,14.846,0.1302,0.2247
0.9250,15.000,0.295,14.846,0.1302,0.2247
0.9260,15.000,0.295,14.846,0.1302,0.2247
0.9270,15.000,0.295,14.846,0.1302,0.2248
0.9280,15.000,0.295,14.846,0.1302,0.2248
0.9290,15.000,0.294,14.846,0.1302,0.2248
0.9300,15.000,0.294,14.846,0.1302,0.2248
0.9310,15.000,0.294,14.846,0.1302,0.2248
0.9320,15.000,0.294,14.846,0.1302,0.2248
0.9330,15.000,0.294,14.845,0.1302,0.2248
0.9340,15.000,0.294,14.845,0.1302,0.2249
0.9350,15.000,0.294,14.845,0.1302,0.2249
0.9360,15.000,0.294,14.845,0.1302,0.2249
0.9370,15.000,0.294,14.845,0.1302,0.2249
0.9380,15.000,0.294,14.845,0.1302,0.2249
0.9390,15.000,0.294,14.845,0.1302,0.2249
0.9400,15.000,0.293,14.845,0.1302,0.2250
0.9410,15.000,0.293,14.845,0.1302,0.2250
0.9420,15.000,0.293,14.845,0.1302,0.2250
0.9430,15.000,0.293,14.845,0.1302,0.2250
0.9440,15.000,0.293,14.845,0.1302,0.2250
0.9450,15.000,0.293,14.845,0.1302,0.2251
0.9460,15.000,0.293,14.845,0.1302,0.2251
0.9470,15.000,0.293,14.845,0.1302,0.2251
0.9480,15.000,0.293,14.846,0.1302,0.2251
0.9490,15.000,0.293,14.846,0.1302,0.2251
0.9500,15.000,0.293,14.846,0.1302,0.2251
0.9510,15.000,0.292,14.846,0.1302,0.2251
0.9520,15.000,0.292,14.846,0.1302,0.2252
0.9530,15.000,0.292,14.846,0.1302,0.2252
0.9540,15.000,0.292,14.846,0.1302,0.2252
0.9550,15.000,0.292,14.846,0.1302,0.2252
0.9560,15.000,0.292,14.847,0.1302,0.2253
0.9570,15.000,0.292,14.847,0.1302,0.2253
0.9580,15.000,0.292,14.847,0.1302,0.2253
0.9590,15.000,0.292,14.847,0.1302,0.2253
0.9600,15.000,0.292,14.848,0.1302,0.2253
0.9610,15.000,0.292,14.848,0.1302,0.2253
0.9620,15.000,0.292,14.848,0.1302,0.2254
0.9630,15.000,0.291,14.849,0.1302,0.2253
0.9640,15.000,0.291,14.849,0.1302,0.2254
0.9650,15.000,0.291,14.849,0.1302,0.2254
0.9660,15.000,0.291,14.849,0.1302,0.2254
0.9670,15.000,0.291,14.849,0.1302,0.2254
0.9680,15.000,0.291,14.849,0.1302,0.2255
0.9690,15.000,0.291,14.849,0.1302,0.2255
0.9700,15.000,0.291,14.849,0.1302,0.2255
0.9710,15.000,0.291,14.849,0.1302,0.2255
0.9720,15.000,0.291,14.850,0.1302,0.2255
0.9730,15.000,0.291,14.850,0.1302,0.2255
0.9740,15.000,0.290,14.850,0.1302,0.2255
0.9750,15.000,0.290,14.850,0.1302,0.2255
0.9760,15.000,0.290,14.850,0.1302,0.2256
0.9770,15.000,0.290,14.850,0.1302,0.2256
0.9780,15.000,0.290,14.850,0.1302,0.2256
0.9790,15.000,0.290,14.850,0.1302,0.2256
0.9800,15.000,0.290,14.850,0.1302,0.2256
0.9810,15.000,0.290,14.850,0.1302,0.2256
0.9820,15.000,0.290,14.850,0.1302,0.2257
0.9830,15.000,0.290,14.850,0.1302,0.2257
0.9840,15.000,0.290,14.850,0.1302,0.2257
0.9850,15.000,0.289,14.850,0.1302,0.2257
0.9860,15.000,0.289,14.850,0.1302,0.2257
0.9870,15.000,0.289,14.850,0.1302,0.2257
0.9880,15.000,0.289,14.850,0.1302,0.2258
0.9890,15.000,0.289,14.850,0.1302,0.2258
0.9900,15.000,0.289,14.850,0.1302,0.2258
0.9910,15.000,0.289,14.850,0.1302,0.2258
0.9920,15.000,0.289,14.850,0.1302,0.2258
0.9930,15.000,0.289,14.850,0.1302,0.2258
0.9940,15.000,0.289,14.850,0.1302,0.2258
0.9950,15.000,0.289,14.850,0.1302,0.2259
0.9960,15.000,0.289,14.850,0.1302,0.2259
0.9970,15.000,0.288,14.850,0.1302,0.2259
0.9980,15.000,0.288,14.850,0.1302,0.2259
0.9990,15.000,0.288,14.850,0.1302,0.2259
1.0000,15.000,0.288,14.850,0.1302,0.2259
1.0010,15.000,0.288,14.850,0.1302,0.2260
1.0020,15.000,0.288,14.850,0.1302,0.2260
1.0030,15.000,0.288,14.850,0.1302,0.2260
1.0040,15.000,0.288,14.850,0.1302,0.2260
1.0050,15.000,0.288,14.850,0.1302,0.2260
1.0060,15.000,0.288,14.850,0.1302,0.2260
1.0070,15.000,0.288,14.850,0.1302,0.2261
1.0080,15.000,0.287,14.851,0.1302,0.2261
1.0090,15.000,0.287,14.851,0.1302,0.2261
1.0100,15.000,0.287,14.851,0.1302,0.2261
1.0110,15.000,0.287,14.851,0.1302,0.2261
1.0120,15.000,0.287,14.851,0.1302,0.2261
1.0130,15.000,0.287,14.851,0.1302,0.2261
1.0140,15.000,0.287,14.851,0.1302,0.2262
1.0150,15.000,0.287,14.851,0.1302,0.2262
1.0160,15.000,0.287,14.851,0.1302,0.2262
1.0170,15.000,0.287,14.851,0.1302,0.2262
1.0180,15.000,0.287,14.851,0.1302,0.2262
1.0190,15.000,0.287,14.851,0.1302,0.2262
1.0200,15.000,0.286,14.851,0.1302,0.2263
1.0210,15.000,0.286,14.851,0.1302,0.2263
1.0220,15.000,0.286,14.851,0.1302,0.2263
1.0230,15.000,0.286,14.851,0.1302,0.2263
1.0240,15.000,0.286,14.851,0.1302,0.2263
1.0250,15.000,0.286,14.851,0.1302,0.2263
1.0260,15.000,0.286,14.852,0.1302,0.2264
1.0270,15.000,0.286,14.852,0.1302,0.2264
1.0280,15.000,0.286,14.852,0.1302,0.2264
1.0290,15.000,0.286,14.852,0.1302,0.2264
1.0300,15.000,0.286,14.852,0.1302,0.2264
1.0310,15.000,0.285,14.852,0.1302,0.2264
1.0320,15.000,0.285,14.852,0.1302,0.2264
1.0330,15.000,0.285,14.852,0.1302,0.2265
1.0340,15.000,0.285,14.852,0.1302,0.2265
1.0350,15.000,0.285,14.852,0.1302,0.2265
1.0360,15.000,0.285,14.852,0.1302,0.2265
1.0370,15.000,0.285,14.852,0.1302,0.2265
1.0380,15.000,0.285,14.853,0.1302,0.2265
1.0390,15.000,0.285,14.853,0.1302,0.2266
1.0400,15.000,0.285,14.853,0.1302,0.2266
1.0410,15.000,0.285,14.853,0.1302,0.2266
1.0420,15.000,0.285,14.853,0.1302,0.2266
1.0430,15.000,0.284,14.853,0.1302,0.2266
1.0440,15.000,0.284,14.853,0.1302,0.2266
1.0450,15.000,0.284,14.853,0.1302,0.2267
1.0460,15.000,0.284,14.853,0.1302,0.2267
1.0470,15.000,0.284,14.853,0.1302,0.2267
1.0480,15.000,0.284,14.853,0.1302,0.2267
1.0490,15.000,0.284,14.854,0.1302,0.2267
1.0500,15.000,0.284,14.854,0.1302,0.2267
1.0510,15.000,0.284,14.854,0.1302,0.2267
1.0520,15.000,0.284,14.854,0.1302,0.2268
1.0530,15.000,0.284,14.854,0.1302,0.2268
1.0540,15.000,0.283,14.854,0.1302,0.2268
1.0550,15.000,0.283,14.854,0.1302,0.2268
1.0560,15.000,0.283,14.854,0.1302,0.2268
1.0570,15.000,0.283,14.854,0.1302,0.2268
1.0580,15.000,0.283,14.855,0.1302,0.2269
1.0590,15.000,0.283,14.855,0.1302,0.2269
1.0600,15.000,0.283,14.855,0.1302,0.2269
1.0610,15.000,0.283,14.855,0.1302,0.2269
1.0620,15.000,0.283,14.855,0.1302,0.2269
1.0630,15.000,0.283,14.855,0.1302,0.2269
1.0640,15.000,0.283,14.855,0.1302,0.2270
1.0650,15.000,0.283,14.855,0.1302,0.2270
1.0660,15.000,0.282,14.856,0.1302,0.2270
1.0670,15.000,0.282,14.856,0.1302,0.2270
1.0680,15.000,0.282,14.856,0.1302,0.2270
1.0690,15.000,0.282,14.856,0.1302,0.2270
1.0700,15.000,0.282,14.856,0.1302,0.2271
1.0710,15.000,0.282,14.856,0.1302,0.2271
1.0720,15.000,0.282,14.856,0.1302,0.2271
1.0730,15.000,0.282,14.857,0.1302,0.2271
1.0740,15.000,0.282,14.857,0.1302,0.2271
1.0750,15.000,0.282,14.857,0.1302,0.2271
1.0760,15.000,0.282,14.857,0.1302,0.2271
1.0770,15.000,0.282,14.857,0.1302,0.2271
1.0780,15.000,0.281,14.857,0.1302,0.2271
1.0790,15.000,0.281,14.856,0.1302,0.2272
1.0800,15.000,0.281,14.856,0.1302,0.2272
1.0810,15.000,0.281,14.856,0.1302,0.2272
1.0820,15.000,0.281,14.857,0.1302,0.2272
1.0830,15.000,0.281,14.857,0.1302,0.2272
1.0840,15.000,0.281,14.857,0.1302,0.2273
1.0850,15.000,0.281,14.857,0.1302,0.2273
1.0860,15.000,0.281,14.857,0.1302,0.2273
1.0870,15.000,0.281,14.857,0.1302,0.2273
1.0880,15.000,0.281,14.858,0.1302,0.2273
1.0890,15.000,0.280,14.858,0.1302,0.2273
1.0900,15.000,0.280,14.858,0.1302,0.2274
1.0910,15.000,0.280,14.858,0.1302,0.2274
1.0920,15.000,0.280,14.858,0.1302,0.2274
1.0930,15.000,0.280,14.858,0.1302,0.2274
1.0940,15.000,0.280,14.859,0.1302,0.2274
1.0950,15.000,0.280,14.859,0.1302,0.2274
1.0960,15.000,0.280,14.859,0.1302,0.2275
1.0970,15.000,0.280,14.859,0.1302,0.2275
1.0980,15.000,0.280,14.859,0.1302,0.2275
1.0990,15.000,0.280,14.859,0.1302,0.2275
1.1000,15.000,0.280,14.859,0.1302,0.2275
1.1010,15.000,0.279,14.859,0.1302,0.2275
1.1020,15.000,0.279,14.859,0.1302,0.2275
1.1030,15.000,0.279,14.859,0.1302,0.2275
1.1040,15.000,0.279,14.859,0.1302,0.2275
1.1050,15.000,0.279,14.858,0.1302,0.2276
1.1060,15.000,0.279,14.858,0.1302,0.2276
1.1070,15.000,0.279,14.858,0.1302,0.2276
1.1080,15.000,0.279,14.858,0.1302,0.2276
1.1090,15.000,0.279,14.858,0.1302,0.2276
1.1100,15.000,0.279,14.858,0.1302,0.2276
1.1110,15.000,0.279,14.858,0.1302,0.2276
1.1120,15.000,0.279,14.858,0.1302,0.2277
1.1130,15.000,0.278,14.858,0.1302,0.2277
1.1140,15.000,0.278,14.858,0.1302,0.2277
1.1150,15.000,0.278,14.858,0.1302,0.2277
1.1160,15.000,0.278,14.858,0.1302,0.2277
1.1170,15.000,0.278,14.859,0.1302,0.2278
1.1180,15.000,0.278,14.859,0.1302,0.2278
1.1190,15.000,0.278,14.859,0.1302,0.2278
1.1200,15.000,0.278,14.859,0.1302,0.2278
1.1210,15.000,0.278,14.859,0.1302,0.2278
1.1220,15.000,0.278,14.860,0.1302,0.2278
1.1230,15.000,0.278,14.860,0.1302,0.2279
1.1240,15.000,0.278,14.860,0.1302,0.2279
1.1250,15.000,0.277,14.860,0.1302,0.2279
1.1260,15.000,0.277,14.860,0.1302,0.2279
1.1270,15.000,0.277,14.861,0.1302,0.2279
1.1280,15.000,0.277,14.861,0.1302,0.2279
1.1290,15.000,0.277,14.861,0.1302,0.2280
1.1300,15.000,0.277,14.861,0.1302,0.2279
1.1310,15.000,0.277,14.861,0.1302,0.2279
1.1320,15.000,0.277,14.861,0.1302,0.2280
1.1330,15.000,0.277,14.861,0.1302,0.2280
1.1340,15.000,0.277,14.861,0.1302,0.2280
1.1350,15.000,0.277,14.861,0.1302,0.2280
1.1360,15.000,0.277,14.861,0.1302,0.2281
1.1370,15.000,0.276,14.862,0.1302,0.2281
1.1380,15.000,0.276,14.862,0.1302,0.2281
1.1390,15.000,0.276,14.862,0.1302,0.2281
1.1400,15.000,0.276,14.862,0.1302,0.2281
1.1410,15.000,0.276,14.862,0.1302,0.2281
1.1420,15.000,0.276,14.862,0.1302,0.2281
1.1430,15.000,0.276,14.862,0.1302,0.2281
1.1440,15.000,0.276,14.861,0.1302,0.2281
1.1450,15.000,0.276,14.861,0.1302,0.2282
1.1460,15.000,0.276,14.861,0.1302,0.2282
1.1470,15.000,0.276,14.861,0.1302,0.2282
1.1480,15.000,0.276,14.861,0.1302,0.2282
1.1490,15.000,0.275,14.861,0.1302,0.2282
1.1500,15.000,0.275,14.862,0.1302,0.2283
1.1510,15.000,0.275,14.862,0.1302,0.2283
1.1520,15.000,0.275,14.862,0.1302,0.2283
1.1530,15.000,0.275,14.862,0.1302,0.2283
1.1540,15.000,0.275,14.862,0.1302,0.2283
1.1550,15.000,0.275,14.862,0.1302,0.2283
1.1560,15.000,0.275,14.862,0.1302,0.2284
1.1570,15.000,0.275,14.862,0.1302,0.2284
1.1580,15.000,0.275,14.862,0.1302,0.2284
1.1590,15.000,0.275,14.863,0.1302,0.2284
1.1600,15.000,0.275,14.863,0.1302,0.2284
1.1610,15.000,0.274,14.863,0.1302,0.2284
1.1620,15.000,0.274,14.864,0.1302,0.2284
1.1630,15.000,0.274,14.864,0.1302,0.2285
1.1640,15.000,0.274,14.864,0.1302,0.2285
1.1650,15.000,0.274,14.864,0.1302,0.2285
1.1660,15.000,0.274,14.865,0.1302,0.2285
1.1670,15.000,0.274,14.865,0.1302,0.2285
1.1680,15.000,0.274,14.865,0.1302,0.2285
1.1690,15.000,0.274,14.865,0.1302,0.2285
1.1700,15.000,0.274,14.865,0.1302,0.2285
1.1710,15.000,0.274,14.865,0.1302,0.2285
1.1720,15.000,0.274,14.864,0.1302,0.2286
1.1730,15.000,0.273,14.864,0.1302,0.2286
1.1740,15.000,0.273,14.864,0.1302,0.2286
1.1750,15.000,0.273,14.864,0.1302,0.2286
1.1760,15.000,0.273,14.864,0.1302,0.2286
1.1770,15.000,0.273,14.864,0.1302,0.2286
1.1780,15.000,0.273,14.864,0.1302,0.2286
1.1790,15.000,0.273,14.864,0.1302,0.2287
1.1800,15.000,0.273,14.864,0.1302,0.2287
1.1810,15.000,0.273,14.864,0.1302,0.2287
1.1820,15.000,0.273,14.864,0.1302,0.2287
1.1830,15.000,0.273,14.864,0.1302,0.2287
1.1840,15.000,0.273,14.864,0.1302,0.2287
1.1850,15.000,0.272,14.864,0.1302,0.2287
1.1860,15.000,0.272,14.864,0.1302,0.2288
1.1870,15.000,0.272,14.864,0.1302,0.2288
1.1880,15.000,0.272,14.864,0.1302,0.2288
1.1890,15.000,0.272,14.864,0.1302,0.2288
1.1900,15.000,0.272,14.864,0.1302,0.2288
1.1910,15.000,0.272,14.864,0.1302,0.2288
1.1920,15.000,0.272,14.864,0.1302,0.2288
1.1930,15.000,0.272,14.864,0.1302,0.2289
1.1940,15.000,0.272,14.864,0.1302,0.2289
1.1950,15.000,0.272,14.864,0.1302,0.2289
1.1960,15.000,0.272,14.864,0.1302,0.2289
1.1970,15.000,0.271,14.864,0.1302,0.2289
1.1980,15.000,0.271,14.864,0.1302,0.2289
1.1990,15.000,0.271,14.864,0.1302,0.2289
1.2000,15.000,0.271,14.864,0.1302,0.2290
1.2010,15.000,0.271,14.864,0.1302,0.2290
1.2020,15.000,0.271,14.864,0.1302,0.2290
1.2030,15.000,0.271,14.864,0.1302,0.2290
1.2040,15.000,0.271,14.864,0.1302,0.2290
1.2050,15.000,0.271,14.864,0.1302,0.2290
1.2060,15.000,0.271,14.864,0.1302,0.2291
1.2070,15.000,0.271,14.865,0.1302,0.2291
1.2080,15.000,0.271,14.865,0.1302,0.2291
1.2090,15.000,0.270,14.865,0.1302,0.2291
1.2100,15.000,0.270,14.866,0.1302,0.2291
1.2110,15.000,0.270,14.866,0.1302,0.2291
1.2120,15.000,0.270,14.866,0.1302,0.2291
1.2130,15.000,0.270,14.866,0.1302,0.2291
1.2140,15.000,0.270,14.866,0.1302,0.2292
1.2150,15.000,0.270,14.866,0.1302,0.2292
1.2160,15.000,0.270,14.866,0.1302,0.2292
1.2170,15.000,0.270,14.866,0.1302,0.2292
1.2180,15.000,0.270,14.866,0.1302,0.2292
1.2190,15.000,0.270,14.866,0.1302,0.2292
1.2200,15.000,0.270,14.866,0.1302,0.2293
1.2210,15.000,0.269,14.866,0.1302,0.2293
1.2220,15.000,0.269,14.867,0.1302,0.2293
1.2230,15.000,0.269,14.867,0.1302,0.2293
1.2240,15.000,0.269,14.867,0.1302,0.2293
1.2250,15.000,0.269,14.867,0.1302,0.2293
1.2260,15.000,0.269,14.868,0.1302,0.2293
1.2270,15.000,0.269,14.868,0.1302,0.2293
1.2280,15.000,0.269,14.868,0.1302,0.2294
1.2290,15.000,0.269,14.868,0.1302,0.2294
1.2300,15.000,0.269,14.868,0.1302,0.2294
1.2310,15.000,0.269,14.869,0.1302,0.2294
1.2320,15.000,0.269,14.869,0.1302,0.2295
1.2330,15.000,0.268,14.869,0.1302,0.2294
1.2340,15.000,0.268,14.870,0.1302,0.2295
1.2350,15.000,0.268,14.870,0.1302,0.2295
1.2360,15.000,0.268,14.870,0.1302,0.2295
1.2370,15.000,0.268,14.870,0.1302,0.2295
1.2380,15.000,0.268,14.870,0.1302,0.2295
1.2390,15.000,0.268,14.870,0.1302,0.2295
1.2400,15.000,0.268,14.870,0.1302,0.2295
1.2410,15.000,0.268,14.870,0.1302,0.2296
1.2420,15.000,0.268,14.870,0.1302,0.2296
1.2430,15.000,0.268,14.870,0.1302,0.2296
1.2440,15.000,0.268,14.870,0.1302,0.2296
1.2450,15.000,0.268,14.870,0.1302,0.2296
1.2460,15.000,0.267,14.870,0.1302,0.2296
1.2470,15.000,0.267,14.871,0.1302,0.2296
1.2480,15.000,0.267,14.871,0.1302,0.2297
1.2490,15.000,0.267,14.871,0.1302,0.2297
1.2500,15.000,0.267,14.871,0.1302,0.2297
1.2510,15.000,0.267,14.871,0.1302,0.2297
1.2520,15.000,0.267,14.871,0.1302,0.2297
1.2530,15.000,0.267,14.871,0.1302,0.2297
1.2540,15.000,0.267,14.871,0.1302,0.2297
1.2550,15.000,0.267,14.871,0.1302,0.2298
1.2560,15.000,0.267,14.871,0.1302,0.2297
1.2570,15.000,0.267,14.871,0.1302,0.2297
1.2580,15.000,0.266,14.871,0.1302,0.2298
1.2590,15.000,0.266,14.871,0.1302,0.2298
1.2600,15.000,0.266,14.871,0.1302,0.2298
1.2610,15.000,0.266,14.871,0.1302,0.2298
1.2620,15.000,0.266,14.871,0.1302,0.2298
1.2630,15.000,0.266,14.871,0.1302,0.2299
1.2640,15.000,0.266,14.871,0.1302,0.2298
1.2650,15.000,0.266,14.871,0.1302,0.2298
1.2660,15.000,0.266,14.871,0.1302,0.2299
1.2670,15.000,0.266,14.870,0.1302,0.2299
1.2680,15.000,0.266,14.870,0.1302,0.2299
1.2690,15.000,0.266,14.870,0.1302,0.2299
1.2700,15.000,0.265,14.870,0.1302,0.2299
1.2710,15.000,0.265,14.870,0.1302,0.2300
1.2720,15.000,0.265,14.870,0.1302,0.2300
1.2730,15.000,0.265,14.870,0.1302,0.2300
1.2740,15.000,0.265,14.871,0.1302,0.2300
1.2750,15.000,0.265,14.871,0.1302,0.2300
1.2760,15.000,0.265,14.871,0.1302,0.2300
1.2770,15.000,0.265,14.871,0.1302,0.2300
1.2780,15.000,0.265,14.871,0.1302,0.2301
1.2790,15.000,0.265,14.871,0.1302,0.2301
1.2800,15.000,0.265,14.871,0.1302,0.2301
1.2810,15.000,0.265,14.871,0.1302,0.2301
1.2820,15.000,0.265,14.872,0.1302,0.2301
1.2830,15.000,0.264,14.872,0.1302,0.2301
1.2840,15.000,0.264,14.872,0.1302,0.2301
1.2850,15.000,0.264,14.872,0.1302,0.2302
1.2860,15.000,0.264,14.872,0.1302,0.2302
1.2870,15.000,0.264,14.872,0.1302,0.2302
1.2880,15.000,0.264,14.872,0.1302,0.2302
1.2890,15.000,0.264,14.873,0.1302,0.2302
1.2900,15.000,0.264,14.873,0.1302,0.2302
1.2910,15.000,0.264,14.873,0.1302,0.2302
1.2920,15.000,0.264,14.873,0.1302,0.2303
1.2930,15.000,0.264,14.873,0.1302,0.2303
1.2940,15.000,0.264,14.873,0.1302,0.2303
1.2950,15.000,0.263,14.873,0.1302,0.2303
1.2960,15.000,0.263,14.874,0.1302,0.2303
1.2970,15.000,0.263,14.873,0.1302,0.2303
1.2980,15.000,0.263,14.873,0.1302,0.2303
1.2990,15.000,0.263,14.873,0.1302,0.2303
1.3000,15.000,0.263,14.873,0.1302,0.2303
1.3010,15.000,0.263,14.873,0.1302,0.2304
1.3020,15.000,0.263,14.873,0.1302,0.2304
1.3030,15.000,0.263,14.873,0.1302,0.2304
1.3040,15.000,0.263,14.873,0.1302,0.2304
1.3050,15.000,0.263,14.873,0.1302,0.2304
1.3060,15.000,0.263,14.874,0.1302,0.2304
1.3070,15.000,0.263,14.874,0.1302,0.2305
1.3080,15.000,0.262,14.874,0.1302,0.2305
1.3090,15.000,0.262,14.874,0.1302,0.2305
1.3100,15.000,0.262,14.874,0.1302,0.2305
1.3110,15.000,0.262,14.875,0.1302,0.2305
1.3120,15.000,0.262,14.875,0.1302,0.2305
1.3130,15.000,0.262,14.875,0.1302,0.2305
1.3140,15.000,0.262,14.875,0.1302,0.2306
1.3150,15.000,0.262,14.875,0.1302,0.2306
1.3160,15.000,0.262,14.875,0.1302,0.2306
1.3170,15.000,0.262,14.876,0.1302,0.2306
1.3180,15.000,0.262,14.876,0.1302,0.2306
1.3190,15.000,0.262,14.876,0.1302,0.2306
1.3200,15.000,0.262,14.876,0.1302,0.2306
1.3210,15.000,0.261,14.876,0.1302,0.2307
1.3220,15.000,0.261,14.877,0.1302,0.2307
1.3230,15.000,0.261,14.877,0.1302,0.2306
1.3240,15.000,0.261,14.877,0.1302,0.2307
1.3250,15.000,0.261,14.877,0.1302,0.2307
1.3260,15.000,0.261,14.876,0.1302,0.2307
1.3270,15.000,0.261,14.876,0.1302,0.2307
1.3280,15.000,0.261,14.876,0.1302,0.2307
1.3290,15.000,0.261,14.876,0.1302,0.2307
1.3300,15.000,0.261,14.876,0.1302,0.2307
1.3310,15.000,0.261,14.876,0.1302,0.2307
1.3320,15.000,0.261,14.876,0.1302,0.2308
1.3330,15.000,0.260,14.876,0.1302,0.2308
1.3340,15.000,0.260,14.876,0.1302,0.2308
1.3350,15.000,0.260,14.876,0.1302,0.2308
1.3360,15.000,0.260,14.875,0.1302,0.2308
1.3370,15.000,0.260,14.875,0.1302,0.2308
1.3380,15.000,0.260,14.875,0.1302,0.2308
1.3390,15.000,0.260,14.875,0.1302,0.2308
1.3400,15.000,0.260,14.875,0.1302,0.2309
1.3410,15.000,0.260,14.875,0.1302,0.2309
1.3420,15.000,0.260,14.875,0.1302,0.2309
1.3430,15.000,0.260,14.875,0.1302,0.2309
1.3440,15.000,0.260,14.876,0.1302,0.2309
1.3450,15.000,0.260,14.876,0.1302,0.2310
1.3460,15.000,0.259,14.876,0.1302,0.2310
1.3470,15.000,0.259,14.876,0.1302,0.2310
1.3480,15.000,0.259,14.876,0.1302,0.2310
1.3490,15.000,0.259,14.877,0.1302,0.2310
1.3500,15.000,0.259,14.877,0.1302,0.2310
1.3510,15.000,0.259,14.877,0.1302,0.2310
1.3520,15.000,0.259,14.877,0.1302,0.2311
1.3530,15.000,0.259,14.878,0.1302,0.2311
1.3540,15.000,0.259,14.878,0.1302,0.2311
1.3550,15.000,0.259,14.878,0.1302,0.2311
1.3560,15.000,0.259,14.878,0.1302,0.2311
1.3570,15.000,0.259,14.879,0.1302,0.2311
1.3580,15.000,0.259,14.879,0.1302,0.2311
1.3590,15.000,0.258,14.879,0.1302,0.2311
1.3600,15.000,0.258,14.879,0.1302,0.2311
1.3610,15.000,0.258,14.879,0.1302,0.2312
1.3620,15.000,0.258,14.879,0.1302,0.2312
1.3630,15.000,0.258,14.879,0.1302,0.2312
1.3640,15.000,0.258,14.879,0.1302,0.2312
1.3650,15.000,0.258,14.879,0.1302,0.2312
1.3660,15.000,0.258,14.879,0.1302,0.2312
1.3670,15.000,0.258,14.879,0.1302,0.2312
1.3680,15.000,0.258,14.879,0.1302,0.2312
1.3690,15.000,0.258,14.879,0.1302,0.2312
1.3700,15.000,0.258,14.879,0.1302,0.2313
1.3710,15.000,0.257,14.879,0.1302,0.2313
1.3720,15.000,0.257,14.878,0.1302,0.2313
1.3730,15.000,0.257,14.878,0.1302,0.2313
1.3740,15.000,0.257,14.878,0.1302,0.2313
1.3750,15.000,0.257,14.878,0.1302,0.2313
1.3760,15.000,0.257,14.878,0.1302,0.2313
1.3770,15.000,0.257,14.878,0.1302,0.2313
1.3780,15.000,0.257,14.878,0.1302,0.2314
1.3790,15.000,0.257,14.879,0.1302,0.2314
1.3800,15.000,0.257,14.879,0.1302,0.2314
1.3810,15.000,0.257,14.879,0.1302,0.2314
1.3820,15.000,0.257,14.879,0.1302,0.2315
1.3830,15.000,0.257,14.880,0.1302,0.2315
1.3840,15.000,0.256,14.880,0.1302,0.2315
1.3850,15.000,0.256,14.880,0.1302,0.2315
1.3860,15.000,0.256,14.880,0.1302,0.2315
1.3870,15.000,0.256,14.881,0.1302,0.2315
1.3880,15.000,0.256,14.881,0.1302,0.2315
1.3890,15.000,0.256,14.881,0.1302,0.2316
1.3900,15.000,0.256,14.882,0.1302,0.2316
1.3910,15.000,0.256,14.882,0.1302,0.2315
1.3920,15.000,0.256,14.882,0.1302,0.2316
1.3930,15.000,0.256,14.882,0.1302,0.2316
1.3940,15.000,0.256,14.882,0.1302,0.2316
1.3950,15.000,0.256,14.882,0.1302,0.2316
1.3960,15.000,0.256,14.882,0.1302,0.2316
1.3970,15.000,0.255,14.882,0.1302,0.2316
1.3980,15.000,0.255,14.882,0.1302,0.2316
1.3990,15.000,0.255,14.882,0.1302,0.2316
1.4000,15.000,0.255,14.882,0.1302,0.2317
1.4010,15.000,0.255,14.882,0.1302,0.2317
1.4020,15.000,0.255,14.882,0.1302,0.2317
1.4030,15.000,0.255,14.882,0.1302,0.2317
1.4040,15.000,0.255,14.882,0.1302,0.2317
1.4050,15.000,0.255,14.882,0.1302,0.2317
1.4060,15.000,0.255,14.882,0.1302,0.2317
1.4070,15.000,0.255,14.882,0.1302,0.2317
1.4080,15.000,0.255,14.882,0.1302,0.2318
1.4090,15.000,0.255,14.882,0.1302,0.2318
1.4100,15.000,0.254,14.882,0.1302,0.2318
1.4110,15.000,0.254,14.882,0.1302,0.2318
1.4120,15.000,0.254,14.882,0.1302,0.2318
1.4130,15.000,0.254,14.882,0.1302,0.2318
1.4140,15.000,0.254,14.882,0.1302,0.2318
1.4150,15.000,0.254,14.882,0.1302,0.2318
1.4160,15.000,0.254,14.882,0.1302,0.2319
1.4170,15.000,0.254,14.882,0.1302,0.2319
1.4180,15.000,0.254,14.882,0.1302,0.2319
1.4190,15.000,0.254,14.882,0.1302,0.2319
1.4200,15.000,0.254,14.882,0.1302,0.2319
1.4210,15.000,0.254,14.882,0.1302,0.2319
1.4220,15.000,0.254,14.882,0.1302,0.2319
1.4230,15.000,0.253,14.882,0.1302,0.2319
1.4240,15.000,0.253,14.882,0.1302,0.2319
1.4250,15.000,0.253,14.882,0.1302,0.2320
1.4260,15.000,0.253,14.882,0.1302,0.2320
1.4270,15.000,0.253,14.882,0.1302,0.2320
1.4280,15.000,0.253,14.883,0.1302,0.2320
1.4290,15.000,0.253,14.883,0.1302,0.2321
1.4300,15.000,0.253,14.883,0.1302,0.2321
1.4310,15.000,0.253,14.884,0.1302,0.2321
1.4320,15.000,0.253,14.884,0.1302,0.2321
1.4330,15.000,0.253,14.884,0.1302,0.2321
1.4340,15.000,0.253,14.884,0.1302,0.2321
1.4350,15.000,0.253,14.884,0.1302,0.2321
1.4360,15.000,0.252,14.884,0.1302,0.2321
1.4370,15.000,0.252,14.884,0.1302,0.2321
1.4380,15.000,0.252,14.884,0.1302,0.2321
1.4390,15.000,0.252,14.885,0.1302,0.2321
1.4400,15.000,0.252,14.885,0.1302,0.2322
1.4410,15.000,0.252,14.885,0.1302,0.2322
1.4420,15.000,0.252,14.885,0.1302,0.2322
1.4430,15.000,0.252,14.885,0.1302,0.2322
1.4440,15.000,0.252,14.885,0.1302,0.2322
1.4450,15.000,0.252,14.885,0.1302,0.2322
1.4460,15.000,0.252,14.885,0.1302,0.2322
1.4470,15.000,0.252,14.885,0.1302,0.2322
1.4480,15.000,0.252,14.885,0.1302,0.2323
1.4490,15.000,0.251,14.885,0.1302,0.2323
1.4500,15.000,0.251,14.885,0.1302,0.2323
1.4510,15.000,0.251,14.885,0.1302,0.2323
1.4520,15.000,0.251,14.885,0.1302,0.2323
1.4530,15.000,0.251,14.886,0.1302,0.2323
1.4540,15.000,0.251,14.886,0.1302,0.2323
1.4550,15.000,0.251,14.886,0.1302,0.2323
1.4560,15.000,0.251,14.886,0.1302,0.2324
1.4570,15.000,0.251,14.886,0.1302,0.2324
1.4580,15.000,0.251,14.886,0.1302,0.2324
1.4590,15.000,0.251,14.886,0.1302,0.2324
1.4600,15.000,0.251,14.886,0.1302,0.2324
1.4610,15.000,0.251,14.886,0.1302,0.2324
1.4620,15.000,0.250,14.886,0.1302,0.2324
1.4630,15.000,0.250,14.886,0.1302,0.2324
1.4640,15.000,0.250,14.886,0.1302,0.2325
1.4650,15.000,0.250,14.887,0.1302,0.2325
1.4660,15.000,0.250,14.887,0.1302,0.2325
1.4670,15.000,0.250,14.887,0.1302,0.2325
1.4680,15.000,0.250,14.887,0.1302,0.2325
1.4690,15.000,0.250,14.887,0.1302,0.2325
1.4700,15.000,0.250,14.887,0.1302,0.2325
1.4710,15.000,0.250,14.887,0.1302,0.2325
1.4720,15.000,0.250,14.887,0.1302,0.2326
1.4730,15.000,0.250,14.887,0.1302,0.2326
1.4740,15.000,0.250,14.888,0.1302,0.2326
1.4750,15.000,0.250,14.888,0.1302,0.2326
1.4760,15.000,0.249,14.888,0.1302,0.2326
1.4770,15.000,0.249,14.888,0.1302,0.2326
1.4780,15.000,0.249,14.888,0.1302,0.2326
1.4790,15.000,0.249,14.888,0.1302,0.2326
1.4800,15.000,0.249,14.888,0.1302,0.2326
1.4810,15.000,0.249,14.888,0.1302,0.2326
1.4820,15.000,0.249,14.888,0.1302,0.2326
1.4830,15.000,0.249,14.888,0.1302,0.2326
1.4840,15.000,0.249,14.888,0.1302,0.2327
1.4850,15.000,0.249,14.888,0.1302,0.2327
1.4860,15.000,0.249,14.887,0.1302,0.2327
1.4870,15.000,0.249,14.888,0.1302,0.2327
1.4880,15.000,0.249,14.888,0.1302,0.2327
1.4890,15.000,0.248,14.888,0.1302,0.2328
1.4900,15.000,0.248,14.888,0.1302,0.2328
1.4910,15.000,0.248,14.888,0.1302,0.2328
1.4920,15.000,0.248,14.888,0.1302,0.2328
1.4930,15.000,0.248,14.888,0.1302,0.2328
1.4940,15.000,0.248,14.888,0.1302,0.2328
1.4950,15.000,0.248,14.889,0.1302,0.2328
1.4960,15.000,0.248,14.889,0.1302,0.2328
1.4970,15.000,0.248,14.889,0.1302,0.2329
1.4980,15.000,0.248,14.889,0.1302,0.2329
1.4990,15.000,0.248,14.889,0.1302,0.2329
